Workbook

Sheet 子表1-单栏喂料量
A1: 日期 | B1: 1 | C1: 2 | D1: 3 | E1: 4 | F1: 5 | G1: 6 | H1: 7 | I1: 8 | J1: 9 | K1: 10 | L1: 11 | M1: 12 | N1: 13 | O1: 14 | P1: 15 | Q1: 16 | R1: 17 | S1: 18 | T1: 19 | U1: 20 | V1: 21 | W1: 22 | X1: 23 | Y1: 24 | Z1: 25 | AA1: 26 | AB1: 27 | AC1: 28
A2: 45894 | B2: 0 | C2: 3.2 | D2: 6 | E2: 4.4 | F2: 3.6 | G2: 3.6 | H2: 3.2 | I2: 3.2 | J2: 3.6 | K2: 4 | L2: 0 | M2: 0 | N2: 0 | O2: 4.8 | P2: 0 | Q2: 3.2 | R2: 5.2 | S2: 4.8 | T2: 5.2 | U2: 4.4 | V2: 4 | W2: 2.4 | X2: 4 | Y2: 4 | Z2: 0 | AA2: 0 | AB2: 0 | AC2: 4.4
A3: 45895 | B3: 0.4 | C3: 3.6 | D3: 4.8 | E3: 3.6 | F3: 3.2 | G3: 3.6 | H3: 4 | I3: 3.6 | J3: 3.6 | K3: 3.2 | L3: 1.6 | M3: 0.8 | N3: 0.8 | O3: 3.6 | P3: 0.4 | Q3: 4.8 | R3: 3.6 | S3: 4.8 | T3: 5.2 | U3: 3.6 | V3: 4 | W3: 4.8 | X3: 4 | Y3: 3.6 | Z3: 1.2 | AA3: 1.2 | AB3: 0.4 | AC3: 4.4
A4: 45896 | B4: 0 | C4: 4.8 | D4: 6.8 | E4: 5.6 | F4: 6 | G4: 5.6 | H4: 5.6 | I4: 5.6 | J4: 4.4 | K4: 5.2 | L4: 1.2 | M4: 0 | N4: 0 | O4: 6 | P4: 0 | Q4: 4 | R4: 5.2 | S4: 6 | T4: 6 | U4: 6 | V4: 6 | W4: 6 | X4: 6 | Y4: 6.8 | Z4: 1.2 | AA4: 0.4 | AB4: 0 | AC4: 6
A5: 45897 | B5: 0 | C5: 6.8 | D5: 8 | E5: 7.2 | F5: 6.8 | G5: 6.8 | H5: 8.4 | I5: 7.2 | J5: 5.2 | K5: 7.2 | L5: 2.4 | M5: 0 | N5: 0 | O5: 6.8 | P5: 0 | Q5: 6.4 | R5: 6.8 | S5: 6.4 | T5: 6.8 | U5: 7.6 | V5: 6.8 | W5: 7.6 | X5: 7.2 | Y5: 8.8 | Z5: 2.8 | AA5: 0 | AB5: 0 | AC5: 6.4
A6: 45898 | B6: 0 | C6: 8 | D6: 10.8 | E6: 10 | F6: 9.6 | G6: 10.4 | H6: 11.6 | I6: 10 | J6: 8 | K6: 10 | L6: 1.2 | M6: 0 | N6: 0 | O6: 8.4 | P6: 0 | Q6: 8 | R6: 1.6 | S6: 2.8 | T6: 9.6 | U6: 7.6 | V6: 10.4 | W6: 10.4 | X6: 10.8 | Y6: 12.8 | Z6: 4.4 | AA6: 0 | AB6: 0 | AC6: 9.6
A7: 45899 | B7: 0 | C7: 9.2 | D7: 13.6 | E7: 8 | F7: 15.6 | G7: 12.8 | H7: 14.4 | I7: 12.4 | J7: 10.8 | K7: 13.2 | L7: 2 | M7: 0 | N7: 0 | O7: 10 | P7: 0 | Q7: 12.4 | R7: 8.4 | S7: 10 | T7: 14 | U7: 15.2 | V7: 14 | W7: 15.2 | X7: 15.2 | Y7: 17.2 | Z7: 5.6 | AA7: 0 | AB7: 0 | AC7: 12.8
A8: 45900 | B8: 0 | C8: 10 | D8: 13.6 | E8: 15.2 | F8: 17.2 | G8: 16.4 | H8: 18.4 | I8: 16 | J8: 10 | K8: 12.4 | L8: 2.4 | M8: 6 | N8: 0 | O8: 11.2 | P8: 0 | Q8: 16 | R8: 13.6 | S8: 16.4 | T8: 16 | U8: 18.4 | V8: 18.4 | W8: 19.6 | X8: 18.8 | Y8: 18 | Z8: 6.4 | AA8: 0 | AB8: 0 | AC8: 14
A9: 45901 | B9: 0 | C9: 10.4 | D9: 12 | E9: 17.2 | F9: 14.4 | G9: 13.2 | H9: 16 | I9: 13.6 | J9: 8 | K9: 10.8 | L9: 3.6 | M9: 0 | N9: 0 | O9: 11.2 | P9: 0 | Q9: 15.2 | R9: 14.4 | S9: 14 | T9: 17.2 | U9: 16.4 | V9: 16.4 | W9: 14 | X9: 15.2 | Y9: 17.2 | Z9: 6 | AA9: 0 | AB9: 0 | AC9: 12.8
A10: 45902 | B10: 0 | C10: 11.2 | D10: 10.8 | E10: 14 | F10: 12 | G10: 11.6 | H10: 14 | I10: 10.4 | J10: 9.2 | K10: 11.2 | L10: 2.8 | M10: 0 | N10: 0 | O10: 12.8 | P10: 0 | Q10: 12 | R10: 11.2 | S10: 11.6 | T10: 12.4 | U10: 12.4 | V10: 13.2 | W10: 13.2 | X10: 12.4 | Y10: 16 | Z10: 5.6 | AA10: 0 | AB10: 0 | AC10: 12.4
A11: 45903 | B11: 0 | C11: 13.2 | D11: 10.8 | E11: 10.8 | F11: 11.2 | G11: 11.2 | H11: 12 | I11: 10.8 | J11: 9.2 | K11: 11.2 | L11: 4 | M11: 0 | N11: 0 | O11: 16.8 | P11: 0 | Q11: 11.2 | R11: 10 | S11: 11.2 | T11: 11.6 | U11: 12.8 | V11: 10 | W11: 12.4 | X11: 12.8 | Y11: 13.6 | Z11: 6 | AA11: 0 | AB11: 0 | AC11: 11.6
A12: 45904 | B12: 0 | C12: 17.2 | D12: 14.8 | E12: 12.8 | F12: 13.6 | G12: 13.2 | H12: 14.8 | I12: 12.4 | J12: 11.2 | K12: 13.6 | L12: 4 | M12: 0 | N12: 0 | O12: 20.4 | P12: 0 | Q12: 12.8 | R12: 11.6 | S12: 10 | T12: 12 | U12: 14.8 | V12: 13.6 | W12: 14.8 | X12: 14.8 | Y12: 17.6 | Z12: 5.6 | AA12: 0 | AB12: 0 | AC12: 11.2
A13: 45905 | B13: 0 | C13: 19.2 | D13: 19.6 | E13: 16.8 | F13: 16.8 | G13: 18 | H13: 18.4 | I13: 14.8 | J13: 14.8 | K13: 18.4 | L13: 6 | M13: 0 | N13: 0 | O13: 21.6 | P13: 0 | Q13: 16.4 | R13: 15.2 | S13: 18.8 | T13: 15.2 | U13: 19.2 | V13: 18 | W13: 18.8 | X13: 16.8 | Y13: 20.8 | Z13: 7.6 | AA13: 0 | AB13: 0 | AC13: 18.8
... A112: 46006 | B112: 80.4 | C112: 73.2 | D112: 77.2 | E112: 64.8 | F112: 68.4 | G112: 70 | H112: 76.4 | I112: 73.6 | J112: 76 | K112: 79.2 | L112: 3.6 | M112: 15.2 | N112: 17.6 | O112: 3.2 | P112: 77.2 | Q112: 60.8 | R112: 76.8 | S112: 70 | T112: 80.4 | U112: 77.2 | V112: 60.8 | W112: 68 | X112: 65.6 | Y112: 73.6 | Z112: 25.2 | AA112: 15.2 | AB112: 4.4 | AC112: 70.11

Sheet 子表2-单栏喂水量
A1: 日期 | B1: 1 | C1: 2 | D1: 3 | E1: 4 | F1: 5 | G1: 6 | H1: 7 | I1: 8 | J1: 9 | K1: 10 | L1: 11 | M1: 12 | N1: 13 | O1: 14 | P1: 15 | Q1: 16 | R1: 17 | S1: 18 | T1: 19 | U1: 20 | V1: 21 | W1: 22 | X1: 23 | Y1: 24 | Z1: 25 | AA1: 26 | AB1: 27 | AC1: 28
A2: 45894 | B2: 0 | C2: 32 | D2: 40 | E2: 32 | F2: 36 | G2: 28 | H2: 40 | I2: 24 | J2: 24 | K2: 12 | L2: 0 | M2: 0 | N2: 0 | O2: 12 | P2: 0 | Q2: 36 | R2: 28 | S2: 32 | T2: 28 | U2: 32 | V2: 32 | W2: 20 | X2: 24 | Y2: 28 | Z2: 4 | AA2: 0 | AB2: 0 | AC2: 12
A3: 45895 | B3: 0 | C3: 16 | D3: 24 | E3: 20 | F3: 16 | G3: 20 | H3: 20 | I3: 20 | J3: 16 | K3: 16 | L3: 0 | M3: 0 | N3: 0 | O3: 20 | P3: 0 | Q3: 20 | R3: 16 | S3: 24 | T3: 24 | U3: 20 | V3: 16 | W3: 8 | X3: 20 | Y3: 20 | Z3: 4 | AA3: 0 | AB3: 0 | AC3: 20
A4: 45896 | B4: 0 | C4: 24 | D4: 36 | E4: 28 | F4: 28 | G4: 28 | H4: 28 | I4: 28 | J4: 20 | K4: 28 | L4: 0 | M4: 0 | N4: 0 | O4: 32 | P4: 0 | Q4: 16 | R4: 24 | S4: 28 | T4: 28 | U4: 24 | V4: 28 | W4: 32 | X4: 28 | Y4: 32 | Z4: 4 | AA4: 0 | AB4: 0 | AC4: 28
A5: 45897 | B5: 0 | C5: 28 | D5: 40 | E5: 32 | F5: 32 | G5: 32 | H5: 36 | I5: 36 | J5: 24 | K5: 32 | L5: 4 | M5: 0 | N5: 0 | O5: 32 | P5: 0 | Q5: 24 | R5: 28 | S5: 32 | T5: 32 | U5: 36 | V5: 32 | W5: 36 | X5: 32 | Y5: 40 | Z5: 12 | AA5: 0 | AB5: 0 | AC5: 32
A6: 45898 | B6: 0 | C6: 32 | D6: 44 | E6: 44 | F6: 40 | G6: 40 | H6: 44 | I6: 44 | J6: 36 | K6: 44 | L6: 4 | M6: 0 | N6: 0 | O6: 32 | P6: 0 | Q6: 36 | R6: 16 | S6: 24 | T6: 40 | U6: 32 | V6: 40 | W6: 40 | X6: 44 | Y6: 52 | Z6: 16 | AA6: 0 | AB6: 0 | AC6: 40
A7: 45899 | B7: 0 | C7: 36 | D7: 52 | E7: 48 | F7: 60 | G7: 48 | H7: 56 | I7: 48 | J7: 40 | K7: 48 | L7: 8 | M7: 0 | N7: 0 | O7: 36 | P7: 0 | Q7: 44 | R7: 32 | S7: 44 | T7: 52 | U7: 56 | V7: 52 | W7: 60 | X7: 56 | Y7: 68 | Z7: 20 | AA7: 0 | AB7: 0 | AC7: 48
A8: 45900 | B8: 0 | C8: 32 | D8: 48 | E8: 56 | F8: 56 | G8: 52 | H8: 60 | I8: 52 | J8: 32 | K8: 40 | L8: 8 | M8: 0 | N8: 0 | O8: 40 | P8: 0 | Q8: 56 | R8: 44 | S8: 52 | T8: 52 | U8: 60 | V8: 56 | W8: 60 | X8: 60 | Y8: 56 | Z8: 20 | AA8: 0 | AB8: 0 | AC8: 48
A9: 45901 | B9: 0 | C9: 36 | D9: 40 | E9: 56 | F9: 44 | G9: 44 | H9: 52 | I9: 44 | J9: 28 | K9: 36 | L9: 12 | M9: 0 | N9: 0 | O9: 40 | P9: 0 | Q9: 52 | R9: 52 | S9: 48 | T9: 56 | U9: 56 | V9: 52 | W9: 48 | X9: 48 | Y9: 60 | Z9: 20 | AA9: 0 | AB9: 0 | AC9: 44
A10: 45902 | B10: 0 | C10: 40 | D10: 36 | E10: 44 | F10: 40 | G10: 36 | H10: 44 | I10: 36 | J10: 32 | K10: 40 | L10: 12 | M10: 0 | N10: 0 | O10: 44 | P10: 0 | Q10: 40 | R10: 36 | S10: 36 | T10: 40 | U10: 44 | V10: 40 | W10: 44 | X10: 40 | Y10: 52 | Z10: 16 | AA10: 0 | AB10: 0 | AC10: 44
A11: 45903 | B11: 0 | C11: 48 | D11: 36 | E11: 40 | F11: 40 | G11: 40 | H11: 44 | I11: 36 | J11: 36 | K11: 40 | L11: 8 | M11: 0 | N11: 0 | O11: 56 | P11: 0 | Q11: 36 | R11: 36 | S11: 40 | T11: 36 | U11: 44 | V11: 36 | W11: 44 | X11: 44 | Y11: 52 | Z11: 16 | AA11: 0 | AB11: 0 | AC11: 44
A12: 45904 | B12: 0 | C12: 60 | D12: 52 | E12: 44 | F12: 48 | G12: 44 | H12: 48 | I12: 40 | J12: 40 | K12: 48 | L12: 8 | M12: 0 | N12: 0 | O12: 68 | P12: 0 | Q12: 40 | R12: 36 | S12: 32 | T12: 40 | U12: 56 | V12: 44 | W12: 48 | X12: 48 | Y12: 60 | Z12: 20 | AA12: 0 | AB12: 0 | AC12: 40
A13: 45905 | B13: 0 | C13: 68 | D13: 68 | E13: 56 | F13: 60 | G13: 60 | H13: 60 | I13: 52 | J13: 48 | K13: 64 | L13: 16 | M13: 0 | N13: 0 | O13: 72 | P13: 0 | Q13: 52 | R13: 48 | S13: 60 | T13: 52 | U13: 68 | V13: 56 | W13: 60 | X13: 60 | Y13: 76 | Z13: 24 | AA13: 0 | AB13: 0 | AC13: 64
... A112: 46006 | B112: 244 | C112: 220 | D112: 232 | E112: 196 | F112: 204 | G112: 212 | H112: 240 | I112: 224 | J112: 228 | K112: 244 | L112: 4 | M112: 44 | N112: 52 | O112: 4 | P112: 232 | Q112: 180 | R112: 232 | S112: 216 | T112: 244 | U112: 232 | V112: 184 | W112: 204 | X112: 196 | Y112: 228 | Z112: 76 | AA112: 44 | AB112: 12 | AC112: 213.2

Sheet 子表3-水料比
A1: 日期 | B1: 1 | C1: 2 | D1: 3 | E1: 4 | F1: 5 | G1: 6 | H1: 7 | I1: 8 | J1: 9 | K1: 10 | L1: 11 | M1: 12 | N1: 13 | O1: 14 | P1: 15 | Q1: 16 | R1: 17 | S1: 18 | T1: 19 | U1: 20 | V1: 21 | W1: 22 | X1: 23 | Y1: 24 | Z1: 25 | AA1: 26 | AB1: 27 | AC1: 28
A2: 45894 | B2: =IF('子表2-单栏喂水量'!B2=0,"",IF('子表1-单栏喂料量'!B2=0,"",ROUND('子表2-单栏喂水量'!B2/'子表1-单栏喂料量'!B2,1))) | C2: =IF('子表2-单栏喂水量'!C2=0,"",IF('子表1-单栏喂料量'!C2=0,"",ROUND('子表2-单栏喂水量'!C2/'子表1-单栏喂料量'!C2,1))) | D2: =IF('子表2-单栏喂水量'!D2=0,"",IF('子表1-单栏喂料量'!D2=0,"",ROUND('子表2-单栏喂水量'!D2/'子表1-单栏喂料量'!D2,1))) | E2: =IF('子表2-单栏喂水量'!E2=0,"",IF('子表1-单栏喂料量'!E2=0,"",ROUND('子表2-单栏喂水量'!E2/'子表1-单栏喂料量'!E2,1))) | F2: =IF('子表2-单栏喂水量'!F2=0,"",IF('子表1-单栏喂料量'!F2=0,"",ROUND('子表2-单栏喂水量'!F2/'子表1-单栏喂料量'!F2,1))) | G2: =IF('子表2-单栏喂水量'!G2=0,"",IF('子表1-单栏喂料量'!G2=0,"",ROUND('子表2-单栏喂水量'!G2/'子表1-单栏喂料量'!G2,1))) | H2: =IF('子表2-单栏喂水量'!H2=0,"",IF('子表1-单栏喂料量'!H2=0,"",ROUND('子表2-单栏喂水量'!H2/'子表1-单栏喂料量'!H2,1))) | I2: =IF('子表2-单栏喂水量'!I2=0,"",IF('子表1-单栏喂料量'!I2=0,"",ROUND('子表2-单栏喂水量'!I2/'子表1-单栏喂料量'!I2,1))) | ... AC2: =IF('子表2-单栏喂水量'!AC2=0,"",IF('子表1-单栏喂料量'!AC2=0,"",ROUND('子表2-单栏喂水量'!AC2/'子表1-单栏喂料量'!AC2,1)))
A3: 45895 | B3: =IF('子表2-单栏喂水量'!B3=0,"",IF('子表1-单栏喂料量'!B3=0,"",ROUND('子表2-单栏喂水量'!B3/'子表1-单栏喂料量'!B3,1))) | C3: =IF('子表2-单栏喂水量'!C3=0,"",IF('子表1-单栏喂料量'!C3=0,"",ROUND('子表2-单栏喂水量'!C3/'子表1-单栏喂料量'!C3,1))) | D3: =IF('子表2-单栏喂水量'!D3=0,"",IF('子表1-单栏喂料量'!D3=0,"",ROUND('子表2-单栏喂水量'!D3/'子表1-单栏喂料量'!D3,1))) | E3: =IF('子表2-单栏喂水量'!E3=0,"",IF('子表1-单栏喂料量'!E3=0,"",ROUND('子表2-单栏喂水量'!E3/'子表1-单栏喂料量'!E3,1))) | F3: =IF('子表2-单栏喂水量'!F3=0,"",IF('子表1-单栏喂料量'!F3=0,"",ROUND('子表2-单栏喂水量'!F3/'子表1-单栏喂料量'!F3,1))) | G3: =IF('子表2-单栏喂水量'!G3=0,"",IF('子表1-单栏喂料量'!G3=0,"",ROUND('子表2-单栏喂水量'!G3/'子表1-单栏喂料量'!G3,1))) | H3: =IF('子表2-单栏喂水量'!H3=0,"",IF('子表1-单栏喂料量'!H3=0,"",ROUND('子表2-单栏喂水量'!H3/'子表1-单栏喂料量'!H3,1))) | I3: =IF('子表2-单栏喂水量'!I3=0,"",IF('子表1-单栏喂料量'!I3=0,"",ROUND('子表2-单栏喂水量'!I3/'子表1-单栏喂料量'!I3,1))) | ... AC3: =IF('子表2-单栏喂水量'!AC3=0,"",IF('子表1-单栏喂料量'!AC3=0,"",ROUND('子表2-单栏喂水量'!AC3/'子表1-单栏喂料量'!AC3,1)))
A4: 45896 | B4: =IF('子表2-单栏喂水量'!B4=0,"",IF('子表1-单栏喂料量'!B4=0,"",ROUND('子表2-单栏喂水量'!B4/'子表1-单栏喂料量'!B4,1))) | C4: =IF('子表2-单栏喂水量'!C4=0,"",IF('子表1-单栏喂料量'!C4=0,"",ROUND('子表2-单栏喂水量'!C4/'子表1-单栏喂料量'!C4,1))) | D4: =IF('子表2-单栏喂水量'!D4=0,"",IF('子表1-单栏喂料量'!D4=0,"",ROUND('子表2-单栏喂水量'!D4/'子表1-单栏喂料量'!D4,1))) | E4: =IF('子表2-单栏喂水量'!E4=0,"",IF('子表1-单栏喂料量'!E4=0,"",ROUND('子表2-单栏喂水量'!E4/'子表1-单栏喂料量'!E4,1))) | F4: =IF('子表2-单栏喂水量'!F4=0,"",IF('子表1-单栏喂料量'!F4=0,"",ROUND('子表2-单栏喂水量'!F4/'子表1-单栏喂料量'!F4,1))) | G4: =IF('子表2-单栏喂水量'!G4=0,"",IF('子表1-单栏喂料量'!G4=0,"",ROUND('子表2-单栏喂水量'!G4/'子表1-单栏喂料量'!G4,1))) | H4: =IF('子表2-单栏喂水量'!H4=0,"",IF('子表1-单栏喂料量'!H4=0,"",ROUND('子表2-单栏喂水量'!H4/'子表1-单栏喂料量'!H4,1))) | I4: =IF('子表2-单栏喂水量'!I4=0,"",IF('子表1-单栏喂料量'!I4=0,"",ROUND('子表2-单栏喂水量'!I4/'子表1-单栏喂料量'!I4,1))) | ... AC4: =IF('子表2-单栏喂水量'!AC4=0,"",IF('子表1-单栏喂料量'!AC4=0,"",ROUND('子表2-单栏喂水量'!AC4/'子表1-单栏喂料量'!AC4,1)))
A5: 45897 | B5: =IF('子表2-单栏喂水量'!B5=0,"",IF('子表1-单栏喂料量'!B5=0,"",ROUND('子表2-单栏喂水量'!B5/'子表1-单栏喂料量'!B5,1))) | C5: =IF('子表2-单栏喂水量'!C5=0,"",IF('子表1-单栏喂料量'!C5=0,"",ROUND('子表2-单栏喂水量'!C5/'子表1-单栏喂料量'!C5,1))) | D5: =IF('子表2-单栏喂水量'!D5=0,"",IF('子表1-单栏喂料量'!D5=0,"",ROUND('子表2-单栏喂水量'!D5/'子表1-单栏喂料量'!D5,1))) | E5: =IF('子表2-单栏喂水量'!E5=0,"",IF('子表1-单栏喂料量'!E5=0,"",ROUND('子表2-单栏喂水量'!E5/'子表1-单栏喂料量'!E5,1))) | F5: =IF('子表2-单栏喂水量'!F5=0,"",IF('子表1-单栏喂料量'!F5=0,"",ROUND('子表2-单栏喂水量'!F5/'子表1-单栏喂料量'!F5,1))) | G5: =IF('子表2-单栏喂水量'!G5=0,"",IF('子表1-单栏喂料量'!G5=0,"",ROUND('子表2-单栏喂水量'!G5/'子表1-单栏喂料量'!G5,1))) | H5: =IF('子表2-单栏喂水量'!H5=0,"",IF('子表1-单栏喂料量'!H5=0,"",ROUND('子表2-单栏喂水量'!H5/'子表1-单栏喂料量'!H5,1))) | I5: =IF('子表2-单栏喂水量'!I5=0,"",IF('子表1-单栏喂料量'!I5=0,"",ROUND('子表2-单栏喂水量'!I5/'子表1-单栏喂料量'!I5,1))) | ... AC5: =IF('子表2-单栏喂水量'!AC5=0,"",IF('子表1-单栏喂料量'!AC5=0,"",ROUND('子表2-单栏喂水量'!AC5/'子表1-单栏喂料量'!AC5,1)))
A6: 45898 | B6: =IF('子表2-单栏喂水量'!B6=0,"",IF('子表1-单栏喂料量'!B6=0,"",ROUND('子表2-单栏喂水量'!B6/'子表1-单栏喂料量'!B6,1))) | C6: =IF('子表2-单栏喂水量'!C6=0,"",IF('子表1-单栏喂料量'!C6=0,"",ROUND('子表2-单栏喂水量'!C6/'子表1-单栏喂料量'!C6,1))) | D6: =IF('子表2-单栏喂水量'!D6=0,"",IF('子表1-单栏喂料量'!D6=0,"",ROUND('子表2-单栏喂水量'!D6/'子表1-单栏喂料量'!D6,1))) | E6: =IF('子表2-单栏喂水量'!E6=0,"",IF('子表1-单栏喂料量'!E6=0,"",ROUND('子表2-单栏喂水量'!E6/'子表1-单栏喂料量'!E6,1))) | F6: =IF('子表2-单栏喂水量'!F6=0,"",IF('子表1-单栏喂料量'!F6=0,"",ROUND('子表2-单栏喂水量'!F6/'子表1-单栏喂料量'!F6,1))) | G6: =IF('子表2-单栏喂水量'!G6=0,"",IF('子表1-单栏喂料量'!G6=0,"",ROUND('子表2-单栏喂水量'!G6/'子表1-单栏喂料量'!G6,1))) | H6: =IF('子表2-单栏喂水量'!H6=0,"",IF('子表1-单栏喂料量'!H6=0,"",ROUND('子表2-单栏喂水量'!H6/'子表1-单栏喂料量'!H6,1))) | I6: =IF('子表2-单栏喂水量'!I6=0,"",IF('子表1-单栏喂料量'!I6=0,"",ROUND('子表2-单栏喂水量'!I6/'子表1-单栏喂料量'!I6,1))) | ... AC6: =IF('子表2-单栏喂水量'!AC6=0,"",IF('子表1-单栏喂料量'!AC6=0,"",ROUND('子表2-单栏喂水量'!AC6/'子表1-单栏喂料量'!AC6,1)))
A7: 45899 | B7: =IF('子表2-单栏喂水量'!B7=0,"",IF('子表1-单栏喂料量'!B7=0,"",ROUND('子表2-单栏喂水量'!B7/'子表1-单栏喂料量'!B7,1))) | C7: =IF('子表2-单栏喂水量'!C7=0,"",IF('子表1-单栏喂料量'!C7=0,"",ROUND('子表2-单栏喂水量'!C7/'子表1-单栏喂料量'!C7,1))) | D7: =IF('子表2-单栏喂水量'!D7=0,"",IF('子表1-单栏喂料量'!D7=0,"",ROUND('子表2-单栏喂水量'!D7/'子表1-单栏喂料量'!D7,1))) | E7: =IF('子表2-单栏喂水量'!E7=0,"",IF('子表1-单栏喂料量'!E7=0,"",ROUND('子表2-单栏喂水量'!E7/'子表1-单栏喂料量'!E7,1))) | F7: =IF('子表2-单栏喂水量'!F7=0,"",IF('子表1-单栏喂料量'!F7=0,"",ROUND('子表2-单栏喂水量'!F7/'子表1-单栏喂料量'!F7,1))) | G7: =IF('子表2-单栏喂水量'!G7=0,"",IF('子表1-单栏喂料量'!G7=0,"",ROUND('子表2-单栏喂水量'!G7/'子表1-单栏喂料量'!G7,1))) | H7: =IF('子表2-单栏喂水量'!H7=0,"",IF('子表1-单栏喂料量'!H7=0,"",ROUND('子表2-单栏喂水量'!H7/'子表1-单栏喂料量'!H7,1))) | I7: =IF('子表2-单栏喂水量'!I7=0,"",IF('子表1-单栏喂料量'!I7=0,"",ROUND('子表2-单栏喂水量'!I7/'子表1-单栏喂料量'!I7,1))) | ... AC7: =IF('子表2-单栏喂水量'!AC7=0,"",IF('子表1-单栏喂料量'!AC7=0,"",ROUND('子表2-单栏喂水量'!AC7/'子表1-单栏喂料量'!AC7,1)))
A8: 45900 | B8: =IF('子表2-单栏喂水量'!B8=0,"",IF('子表1-单栏喂料量'!B8=0,"",ROUND('子表2-单栏喂水量'!B8/'子表1-单栏喂料量'!B8,1))) | C8: =IF('子表2-单栏喂水量'!C8=0,"",IF('子表1-单栏喂料量'!C8=0,"",ROUND('子表2-单栏喂水量'!C8/'子表1-单栏喂料量'!C8,1))) | D8: =IF('子表2-单栏喂水量'!D8=0,"",IF('子表1-单栏喂料量'!D8=0,"",ROUND('子表2-单栏喂水量'!D8/'子表1-单栏喂料量'!D8,1))) | E8: =IF('子表2-单栏喂水量'!E8=0,"",IF('子表1-单栏喂料量'!E8=0,"",ROUND('子表2-单栏喂水量'!E8/'子表1-单栏喂料量'!E8,1))) | F8: =IF('子表2-单栏喂水量'!F8=0,"",IF('子表1-单栏喂料量'!F8=0,"",ROUND('子表2-单栏喂水量'!F8/'子表1-单栏喂料量'!F8,1))) | G8: =IF('子表2-单栏喂水量'!G8=0,"",IF('子表1-单栏喂料量'!G8=0,"",ROUND('子表2-单栏喂水量'!G8/'子表1-单栏喂料量'!G8,1))) | H8: =IF('子表2-单栏喂水量'!H8=0,"",IF('子表1-单栏喂料量'!H8=0,"",ROUND('子表2-单栏喂水量'!H8/'子表1-单栏喂料量'!H8,1))) | I8: =IF('子表2-单栏喂水量'!I8=0,"",IF('子表1-单栏喂料量'!I8=0,"",ROUND('子表2-单栏喂水量'!I8/'子表1-单栏喂料量'!I8,1))) | ... AC8: =IF('子表2-单栏喂水量'!AC8=0,"",IF('子表1-单栏喂料量'!AC8=0,"",ROUND('子表2-单栏喂水量'!AC8/'子表1-单栏喂料量'!AC8,1)))
A9: 45901 | B9: =IF('子表2-单栏喂水量'!B9=0,"",IF('子表1-单栏喂料量'!B9=0,"",ROUND('子表2-单栏喂水量'!B9/'子表1-单栏喂料量'!B9,1))) | C9: =IF('子表2-单栏喂水量'!C9=0,"",IF('子表1-单栏喂料量'!C9=0,"",ROUND('子表2-单栏喂水量'!C9/'子表1-单栏喂料量'!C9,1))) | D9: =IF('子表2-单栏喂水量'!D9=0,"",IF('子表1-单栏喂料量'!D9=0,"",ROUND('子表2-单栏喂水量'!D9/'子表1-单栏喂料量'!D9,1))) | E9: =IF('子表2-单栏喂水量'!E9=0,"",IF('子表1-单栏喂料量'!E9=0,"",ROUND('子表2-单栏喂水量'!E9/'子表1-单栏喂料量'!E9,1))) | F9: =IF('子表2-单栏喂水量'!F9=0,"",IF('子表1-单栏喂料量'!F9=0,"",ROUND('子表2-单栏喂水量'!F9/'子表1-单栏喂料量'!F9,1))) | G9: =IF('子表2-单栏喂水量'!G9=0,"",IF('子表1-单栏喂料量'!G9=0,"",ROUND('子表2-单栏喂水量'!G9/'子表1-单栏喂料量'!G9,1))) | H9: =IF('子表2-单栏喂水量'!H9=0,"",IF('子表1-单栏喂料量'!H9=0,"",ROUND('子表2-单栏喂水量'!H9/'子表1-单栏喂料量'!H9,1))) | I9: =IF('子表2-单栏喂水量'!I9=0,"",IF('子表1-单栏喂料量'!I9=0,"",ROUND('子表2-单栏喂水量'!I9/'子表1-单栏喂料量'!I9,1))) | ... AC9: =IF('子表2-单栏喂水量'!AC9=0,"",IF('子表1-单栏喂料量'!AC9=0,"",ROUND('子表2-单栏喂水量'!AC9/'子表1-单栏喂料量'!AC9,1)))
A10: 45902 | B10: =IF('子表2-单栏喂水量'!B10=0,"",IF('子表1-单栏喂料量'!B10=0,"",ROUND('子表2-单栏喂水量'!B10/'子表1-单栏喂料量'!B10,1))) | C10: =IF('子表2-单栏喂水量'!C10=0,"",IF('子表1-单栏喂料量'!C10=0,"",ROUND('子表2-单栏喂水量'!C10/'子表1-单栏喂料量'!C10,1))) | D10: =IF('子表2-单栏喂水量'!D10=0,"",IF('子表1-单栏喂料量'!D10=0,"",ROUND('子表2-单栏喂水量'!D10/'子表1-单栏喂料量'!D10,1))) | E10: =IF('子表2-单栏喂水量'!E10=0,"",IF('子表1-单栏喂料量'!E10=0,"",ROUND('子表2-单栏喂水量'!E10/'子表1-单栏喂料量'!E10,1))) | F10: =IF('子表2-单栏喂水量'!F10=0,"",IF('子表1-单栏喂料量'!F10=0,"",ROUND('子表2-单栏喂水量'!F10/'子表1-单栏喂料量'!F10,1))) | G10: =IF('子表2-单栏喂水量'!G10=0,"",IF('子表1-单栏喂料量'!G10=0,"",ROUND('子表2-单栏喂水量'!G10/'子表1-单栏喂料量'!G10,1))) | H10: =IF('子表2-单栏喂水量'!H10=0,"",IF('子表1-单栏喂料量'!H10=0,"",ROUND('子表2-单栏喂水量'!H10/'子表1-单栏喂料量'!H10,1))) | I10: =IF('子表2-单栏喂水量'!I10=0,"",IF('子表1-单栏喂料量'!I10=0,"",ROUND('子表2-单栏喂水量'!I10/'子表1-单栏喂料量'!I10,1))) | ... AC10: =IF('子表2-单栏喂水量'!AC10=0,"",IF('子表1-单栏喂料量'!AC10=0,"",ROUND('子表2-单栏喂水量'!AC10/'子表1-单栏喂料量'!AC10,1)))
A11: 45903 | B11: =IF('子表2-单栏喂水量'!B11=0,"",IF('子表1-单栏喂料量'!B11=0,"",ROUND('子表2-单栏喂水量'!B11/'子表1-单栏喂料量'!B11,1))) | C11: =IF('子表2-单栏喂水量'!C11=0,"",IF('子表1-单栏喂料量'!C11=0,"",ROUND('子表2-单栏喂水量'!C11/'子表1-单栏喂料量'!C11,1))) | D11: =IF('子表2-单栏喂水量'!D11=0,"",IF('子表1-单栏喂料量'!D11=0,"",ROUND('子表2-单栏喂水量'!D11/'子表1-单栏喂料量'!D11,1))) | E11: =IF('子表2-单栏喂水量'!E11=0,"",IF('子表1-单栏喂料量'!E11=0,"",ROUND('子表2-单栏喂水量'!E11/'子表1-单栏喂料量'!E11,1))) | F11: =IF('子表2-单栏喂水量'!F11=0,"",IF('子表1-单栏喂料量'!F11=0,"",ROUND('子表2-单栏喂水量'!F11/'子表1-单栏喂料量'!F11,1))) | G11: =IF('子表2-单栏喂水量'!G11=0,"",IF('子表1-单栏喂料量'!G11=0,"",ROUND('子表2-单栏喂水量'!G11/'子表1-单栏喂料量'!G11,1))) | H11: =IF('子表2-单栏喂水量'!H11=0,"",IF('子表1-单栏喂料量'!H11=0,"",ROUND('子表2-单栏喂水量'!H11/'子表1-单栏喂料量'!H11,1))) | I11: =IF('子表2-单栏喂水量'!I11=0,"",IF('子表1-单栏喂料量'!I11=0,"",ROUND('子表2-单栏喂水量'!I11/'子表1-单栏喂料量'!I11,1))) | ... AC11: =IF('子表2-单栏喂水量'!AC11=0,"",IF('子表1-单栏喂料量'!AC11=0,"",ROUND('子表2-单栏喂水量'!AC11/'子表1-单栏喂料量'!AC11,1)))
A12: 45904 | B12: =IF('子表2-单栏喂水量'!B12=0,"",IF('子表1-单栏喂料量'!B12=0,"",ROUND('子表2-单栏喂水量'!B12/'子表1-单栏喂料量'!B12,1))) | C12: =IF('子表2-单栏喂水量'!C12=0,"",IF('子表1-单栏喂料量'!C12=0,"",ROUND('子表2-单栏喂水量'!C12/'子表1-单栏喂料量'!C12,1))) | D12: =IF('子表2-单栏喂水量'!D12=0,"",IF('子表1-单栏喂料量'!D12=0,"",ROUND('子表2-单栏喂水量'!D12/'子表1-单栏喂料量'!D12,1))) | E12: =IF('子表2-单栏喂水量'!E12=0,"",IF('子表1-单栏喂料量'!E12=0,"",ROUND('子表2-单栏喂水量'!E12/'子表1-单栏喂料量'!E12,1))) | F12: =IF('子表2-单栏喂水量'!F12=0,"",IF('子表1-单栏喂料量'!F12=0,"",ROUND('子表2-单栏喂水量'!F12/'子表1-单栏喂料量'!F12,1))) | G12: =IF('子表2-单栏喂水量'!G12=0,"",IF('子表1-单栏喂料量'!G12=0,"",ROUND('子表2-单栏喂水量'!G12/'子表1-单栏喂料量'!G12,1))) | H12: =IF('子表2-单栏喂水量'!H12=0,"",IF('子表1-单栏喂料量'!H12=0,"",ROUND('子表2-单栏喂水量'!H12/'子表1-单栏喂料量'!H12,1))) | I12: =IF('子表2-单栏喂水量'!I12=0,"",IF('子表1-单栏喂料量'!I12=0,"",ROUND('子表2-单栏喂水量'!I12/'子表1-单栏喂料量'!I12,1))) | ... AC12: =IF('子表2-单栏喂水量'!AC12=0,"",IF('子表1-单栏喂料量'!AC12=0,"",ROUND('子表2-单栏喂水量'!AC12/'子表1-单栏喂料量'!AC12,1)))
A13: 45905 | B13: =IF('子表2-单栏喂水量'!B13=0,"",IF('子表1-单栏喂料量'!B13=0,"",ROUND('子表2-单栏喂水量'!B13/'子表1-单栏喂料量'!B13,1))) | C13: =IF('子表2-单栏喂水量'!C13=0,"",IF('子表1-单栏喂料量'!C13=0,"",ROUND('子表2-单栏喂水量'!C13/'子表1-单栏喂料量'!C13,1))) | D13: =IF('子表2-单栏喂水量'!D13=0,"",IF('子表1-单栏喂料量'!D13=0,"",ROUND('子表2-单栏喂水量'!D13/'子表1-单栏喂料量'!D13,1))) | E13: =IF('子表2-单栏喂水量'!E13=0,"",IF('子表1-单栏喂料量'!E13=0,"",ROUND('子表2-单栏喂水量'!E13/'子表1-单栏喂料量'!E13,1))) | F13: =IF('子表2-单栏喂水量'!F13=0,"",IF('子表1-单栏喂料量'!F13=0,"",ROUND('子表2-单栏喂水量'!F13/'子表1-单栏喂料量'!F13,1))) | G13: =IF('子表2-单栏喂水量'!G13=0,"",IF('子表1-单栏喂料量'!G13=0,"",ROUND('子表2-单栏喂水量'!G13/'子表1-单栏喂料量'!G13,1))) | H13: =IF('子表2-单栏喂水量'!H13=0,"",IF('子表1-单栏喂料量'!H13=0,"",ROUND('子表2-单栏喂水量'!H13/'子表1-单栏喂料量'!H13,1))) | I13: =IF('子表2-单栏喂水量'!I13=0,"",IF('子表1-单栏喂料量'!I13=0,"",ROUND('子表2-单栏喂水量'!I13/'子表1-单栏喂料量'!I13,1))) | ... AC13: =IF('子表2-单栏喂水量'!AC13=0,"",IF('子表1-单栏喂料量'!AC13=0,"",ROUND('子表2-单栏喂水量'!AC13/'子表1-单栏喂料量'!AC13,1)))
... A112: 46006 | B112: =IF('子表2-单栏喂水量'!B112=0,"",IF('子表1-单栏喂料量'!B112=0,"",ROUND('子表2-单栏喂水量'!B112/'子表1-单栏喂料量'!B112,1))) | C112: =IF('子表2-单栏喂水量'!C112=0,"",IF('子表1-单栏喂料量'!C112=0,"",ROUND('子表2-单栏喂水量'!C112/'子表1-单栏喂料量'!C112,1))) | D112: =IF('子表2-单栏喂水量'!D112=0,"",IF('子表1-单栏喂料量'!D112=0,"",ROUND('子表2-单栏喂水量'!D112/'子表1-单栏喂料量'!D112,1))) | E112: =IF('子表2-单栏喂水量'!E112=0,"",IF('子表1-单栏喂料量'!E112=0,"",ROUND('子表2-单栏喂水量'!E112/'子表1-单栏喂料量'!E112,1))) | F112: =IF('子表2-单栏喂水量'!F112=0,"",IF('子表1-单栏喂料量'!F112=0,"",ROUND('子表2-单栏喂水量'!F112/'子表1-单栏喂料量'!F112,1))) | G112: =IF('子表2-单栏喂水量'!G112=0,"",IF('子表1-单栏喂料量'!G112=0,"",ROUND('子表2-单栏喂水量'!G112/'子表1-单栏喂料量'!G112,1))) | H112: =IF('子表2-单栏喂水量'!H112=0,"",IF('子表1-单栏喂料量'!H112=0,"",ROUND('子表2-单栏喂水量'!H112/'子表1-单栏喂料量'!H112,1))) | I112: =IF('子表2-单栏喂水量'!I112=0,"",IF('子表1-单栏喂料量'!I112=0,"",ROUND('子表2-单栏喂水量'!I112/'子表1-单栏喂料量'!I112,1))) | ... AC112: =IF('子表2-单栏喂水量'!AC112=0,"",IF('子表1-单栏喂料量'!AC112=0,"",ROUND('子表2-单栏喂水量'!AC112/'子表1-单栏喂料量'!AC112,1)))
