Workbook

Sheet Sheet4
A1: SUMMARY OUTPUT
A3: Regression Statistics
A4: Multiple R | B4: 0.070871045
A5: R Square | B5: 0.005022705
A6: Adjusted R Square | B6: -0.022873855
A7: Standard Error | B7: 0.48879637
A8: Observations | B8: 111
A10: ANOVA
B11: df | C11: SS | D11: MS | E11: F | F11: Significance F
A12: Regression | B12: 3 | C12: 0.12905184 | D12: 0.043017281 | E12: 0.18004747 | F12: 0.90973081
A13: Residual | B13: 107 | C13: 25.564642 | D13: 0.23892189
A14: Total | B14: 110 | C14: 25.693694
B16: Coefficients | C16: Standard Error | D16: t Stat | E16: P-value | F16: Lower 95% | G16: Upper 95% | H16: Lower 95.0% | I16: Upper 95.0%
A17: Intercept | B17: -0.083677817 | C17: 0.50693706 | D17: -0.1650655 | E17: 0.86920388 | F17: -1.0886214 | G17: 0.92126578 | H17: -1.0886214 | I17: 0.92126578
A18: 每日采食总量(Kg) | B18: 5.8367348e-05 | C18: 0.0010321171 | D18: 0.056551092 | E18: 0.95500826 | F18: -0.0019876844 | G18: 0.0021044191 | H18: -0.0019876844 | I18: 0.0021044191
A19: 每日喂水总量(L) | B19: 1.1355893e-05 | C19: 0.00034910301 | D19: 0.032528774 | E19: 0.97411097 | F19: -0.00068070011 | G19: 0.0007034119 | H19: -0.00068070011 | I19: 0.0007034119
A20: 水料比 | B20: 0.037690016 | C20: 0.13232 | D20: 0.28483991 | E20: 0.77631737 | F20: -0.22461895 | G20: 0.29999898 | H20: -0.22461895 | I20: 0.29999898
A24: RESIDUAL OUTPUT
A26: Observation | B26: Predicted 事故数 | C26: Residuals | D26: Standard Residuals
A27: 1 | B27: 0.17874983 | C27: 3.8212502 | D27: 7.926509
A28: 2 | B28: 0.20089223 | C28: -0.20089223 | D28: -0.41671548
A29: 3 | B29: 0.21222671 | C29: -0.21222671 | D29: -0.44022685
A30: 4 | B30: 0.18891671 | C30: -0.18891671 | D30: -0.39187436
A31: 5 | B31: 0.19906718 | C31: -0.19906718 | D31: -0.41292972
A32: 6 | B32: 0.18180522 | C32: -0.18180522 | D32: -0.37712283
A33: 7 | B33: 0.18573752 | C33: -0.18573752 | D33: -0.3852797
A34: 8 | B34: 0.19983325 | C34: -0.19983325 | D34: -0.4145188
A35: 9 | B35: 0.18544451 | C35: -0.18544451 | D35: -0.3846719
A36: 10 | B36: 0.19189975 | C36: -0.19189975 | D36: -0.39806216
A37: 11 | B37: 0.19082585 | C37: -0.19082585 | D37: -0.39583454
A38: 12 | B38: 0.18585057 | C38: -0.18585057 | D38: -0.3855142
... A137: 111 | B137: 0.1855521 | C137: -0.1855521 | D137: -0.38489508

Sheet Sheet5
A1: SUMMARY OUTPUT
A3: Regression Statistics
A4: Multiple R | B4: 0.023504616
A5: R Square | B5: 0.00055246699
A6: Adjusted R Square | B6: -0.027469426
A7: Standard Error | B7: 0.32742462
A8: Observations | B8: 111
A10: ANOVA
B11: df | C11: SS | D11: MS | E11: F | F11: Significance F
A12: Regression | B12: 3 | C12: 0.0063409274 | D12: 0.0021136425 | E12: 0.019715548 | F12: 0.99621703
A13: Residual | B13: 107 | C13: 11.471137 | D13: 0.10720688
A14: Total | B14: 110 | C14: 11.477477
B16: Coefficients | C16: Standard Error | D16: t Stat | E16: P-value | F16: Lower 95% | G16: Upper 95% | H16: Lower 95.0% | I16: Upper 95.0%
A17: Intercept | B17: 0.042479235 | C17: 0.33957633 | D17: 0.12509481 | E17: 0.90068322 | F17: -0.63069123 | G17: 0.7156497 | H17: -0.63069123 | I17: 0.7156497
A18: 每日采食总量(Kg) | B18: 2.3754535e-05 | C18: 0.00069137287 | D18: 0.034358501 | E18: 0.97265529 | F18: -0.0013468115 | G18: 0.0013943206 | H18: -0.0013468115 | I18: 0.0013943206
A19: 每日喂水总量(L) | B19: -1.3038768e-06 | C19: 0.00023384978 | D19: -0.0055757024 | E19: 0.99556164 | F19: -0.00046488379 | G19: 0.00046227604 | H19: -0.00046488379 | I19: 0.00046227604
A20: 水料比 | B20: 0.016272608 | C20: 0.088635736 | D20: 0.1835897 | E20: 0.85468279 | F20: -0.1594374 | G20: 0.19198262 | H20: -0.1594374 | I20: 0.19198262
A24: RESIDUAL OUTPUT
A26: Observation | B26: Predicted 事故数 | C26: Residuals | D26: Standard Residuals
A27: 1 | B27: 0.12341507 | C27: 0.87658493 | D27: 2.7144829
A28: 2 | B28: 0.12813894 | C28: -0.12813894 | D28: -0.39680237
A29: 3 | B29: 0.13053114 | C29: -0.13053114 | D29: -0.40421019
A30: 4 | B30: 0.12531887 | C30: -0.12531887 | D30: -0.38806958
A31: 5 | B31: 0.12770845 | C31: -0.12770845 | D31: -0.39546926
A32: 6 | B32: 0.12382097 | C32: -0.12382097 | D32: -0.38343109
A33: 7 | B33: 0.12483577 | C33: -0.12483577 | D33: -0.38657358
A34: 8 | B34: 0.12795979 | C34: -0.12795979 | D34: -0.3962476
A35: 9 | B35: 0.12464334 | C35: -0.12464334 | D35: -0.38597767
A36: 10 | B36: 0.1261543 | C36: -0.1261543 | D36: -0.39065659
A37: 11 | B37: 0.12596048 | C37: -0.12596048 | D37: -0.39005642
A38: 12 | B38: 0.12489319 | C38: -0.12489319 | D38: -0.38675139
... A137: 111 | B137: 0.15515052 | C137: -0.15515052 | D137: -0.48044795

Sheet Sheet1
A1: 育肥2单元饲喂记录
A2: 起始时间 | B2: 2025-08-25
A3: 结束时间 | B3: 2025-12-16
A4: 饲喂日期 | B4: 每日采食总量(Kg) | C4: 每日喂水总量(L) | D4: 水料比 | E4: 转舍前日龄 | F4: 转舍日龄 | G4: 总日龄 | H4: 存栏数 | I4: 均采食量/kg | J4: 均喂水量/L | K4: 应采食量/kg | L4: 事故数 | M4: 事故类型
A5: 2025-12-15 | B5: 1604.11 | C5: 4841.2 | D5: =ROUND(C5/B5,2) -> 3.02 | E5: 25 | F5: 112 | G5: =E5+F5 -> 137 | H5: 508 | I5: =ROUND(B5/$H5,2) -> 3.16 | J5: =ROUND(C5/$H5,2) -> 9.53 | K5: =LOOKUP(G5,lookup!$A$4:$B$16,lookup!$B$4:$B$16) -> 2.81 | L5: 1 | M5: 1
A6: 2025-12-14 | B6: 1842.69 | C6: 5564.8 | D6: =ROUND(C6/B6,2) -> 3.02 | E6: 25 | F6: 111 | G6: =E6+F6 -> 136 | H6: 512 | I6: =ROUND(B6/H6,2) -> 3.6 | J6: =ROUND(C6/$H6,2) -> 10.87 | K6: =LOOKUP(G6,lookup!$A$4:$B$16,lookup!$B$4:$B$16) -> 2.81 | L6: 0 | M6: 0
A7: 2025-12-13 | B7: 1970.73 | C7: 5938 | D7: =ROUND(C7/B7,2) -> 3.01 | E7: 25 | F7: 110 | G7: =E7+F7 -> 135 | H7: 613 | I7: =ROUND(B7/H7,2) -> 3.21 | J7: =ROUND(C7/$H7,2) -> 9.69 | K7: =LOOKUP(G7,lookup!$A$4:$B$16,lookup!$B$4:$B$16) -> 2.81 | L7: 0 | M7: 0
A8: 2025-12-12 | B8: 1813.17 | C8: 5193 | D8: =ROUND(C8/B8,2) -> 2.86 | E8: 25 | F8: 109 | G8: =E8+F8 -> 134 | H8: 613 | I8: =ROUND(B8/H8,2) -> 2.96 | J8: =ROUND(C8/$H8,2) -> 8.47 | K8: =LOOKUP(G8,lookup!$A$4:$B$16,lookup!$B$4:$B$16) -> 2.81 | L8: 0 | M8: 0
A9: 2025-12-11 | B9: 1848.73 | C9: 5505.8 | D9: =ROUND(C9/B9,2) -> 2.98 | E9: 25 | F9: 108 | G9: =E9+F9 -> 133 | H9: 613 | I9: =ROUND(B9/H9,2) -> 3.02 | J9: =ROUND(C9/$H9,2) -> 8.98 | K9: =LOOKUP(G9,lookup!$A$4:$B$16,lookup!$B$4:$B$16) -> 2.81 | L9: 0 | M9: 0
A10: 2025-12-10 | B10: 1723.65 | C10: 4960.5 | D10: =ROUND(C10/B10,2) -> 2.88 | E10: 25 | F10: 107 | G10: =E10+F10 -> 132 | H10: 613 | I10: =ROUND(B10/H10,2) -> 2.81 | J10: =ROUND(C10/$H10,2) -> 8.09 | K10: =LOOKUP(G10,lookup!$A$4:$B$16,lookup!$B$4:$B$16) -> 2.51 | L10: 0 | M10: 0
A11: 2025-12-09 | B11: 1710.92 | C11: 5073.5 | D11: =ROUND(C11/B11,2) -> 2.97 | E11: 25 | F11: 106 | G11: =E11+F11 -> 131 | H11: 613 | I11: =ROUND(B11/H11,2) -> 2.79 | J11: =ROUND(C11/$H11,2) -> 8.28 | K11: =LOOKUP(G11,lookup!$A$4:$B$16,lookup!$B$4:$B$16) -> 2.51 | L11: 0 | M11: 0
A12: 2025-12-08 | B12: 1805.76 | C12: 5528.6 | D12: =ROUND(C12/B12,2) -> 3.06 | E12: 25 | F12: 105 | G12: =E12+F12 -> 130 | H12: 613 | I12: =ROUND(B12/H12,2) -> 2.95 | J12: =ROUND(C12/$H12,2) -> 9.02 | K12: =LOOKUP(G12,lookup!$A$4:$B$16,lookup!$B$4:$B$16) -> 2.51 | L12: 0 | M12: 0
A13: 2025-12-07 | B13: 1744.08 | C13: 5076.4 | D13: =ROUND(C13/B13,2) -> 2.91 | E13: 25 | F13: 104 | G13: =E13+F13 -> 129 | H13: 613 | I13: =ROUND(B13/H13,2) -> 2.85 | J13: =ROUND(C13/$H13,2) -> 8.28 | K13: =LOOKUP(G13,lookup!$A$4:$B$16,lookup!$B$4:$B$16) -> 2.51 | L13: 0 | M13: 0
A14: 2025-12-06 | B14: 1770.68 | C14: 5275.8 | D14: =ROUND(C14/B14,2) -> 2.98 | E14: 25 | F14: 103 | G14: =E14+F14 -> 128 | H14: 613 | I14: =ROUND(B14/H14,2) -> 2.89 | J14: =ROUND(C14/$H14,2) -> 8.61 | K14: =LOOKUP(G14,lookup!$A$4:$B$16,lookup!$B$4:$B$16) -> 2.51 | L14: 0 | M14: 0
A15: 2025-12-05 | B15: 1746.74 | C15: 5237.9 | D15: =ROUND(C15/B15,2) -> 3 | E15: 25 | F15: 102 | G15: =E15+F15 -> 127 | H15: 613 | I15: =ROUND(B15/H15,2) -> 2.85 | J15: =ROUND(C15/$H15,2) -> 8.54 | K15: =LOOKUP(G15,lookup!$A$4:$B$16,lookup!$B$4:$B$16) -> 2.51 | L15: 0 | M15: 0
A16: 2025-12-04 | B16: 1692.94 | C16: 5076.3 | D16: =ROUND(C16/B16,2) -> 3 | E16: 25 | F16: 101 | G16: =E16+F16 -> 126 | H16: 613 | I16: =ROUND(B16/H16,2) -> 2.76 | J16: =ROUND(C16/$H16,2) -> 8.28 | K16: =LOOKUP(G16,lookup!$A$4:$B$16,lookup!$B$4:$B$16) -> 2.51 | L16: 0 | M16: 0
A17: 2025-12-03 | B17: 1733.43 | C17: 5212.3 | D17: =ROUND(C17/B17,2) -> 3.01 | E17: 25 | F17: 100 | G17: =E17+F17 -> 125 | H17: 613 | I17: =ROUND(B17/H17,2) -> 2.83 | J17: =ROUND(C17/$H17,2) -> 8.5 | K17: =LOOKUP(G17,lookup!$A$4:$B$16,lookup!$B$4:$B$16) -> 2.51 | L17: 0 | M17: 0
... A68: 2025-10-13 | B68: 1100.03 | C68: 3383.8 | D68: =ROUND(C68/B68,2) -> 3.08 | E68: 25 | F68: 49 | G68: =E68+F68 -> 74 | H68: 621 | I68: =ROUND(B68/H68,2) -> 1.77 | J68: =ROUND(C68/$H68,2) -> 5.45 | K68: =LOOKUP(G68,lookup!$A$4:$B$16,lookup!$B$4:$B$16) -> 1.57 | L68: 0 | M68: 0
A69: 2025-10-12 | B69: =ROUND((B67-B70)/3*2+B70,2) -> 1139.26 | C69: =ROUND((C67-C70)/3*2+C70,2) -> 3485.03 | D69: =ROUND(C69/B69,2) -> 3.06 | E69: 25 | F69: 48 | G69: =E69+F69 -> 73 | H69: 621 | I69: =ROUND(B69/H69,2) -> 1.83 | J69: =ROUND(C69/$H69,2) -> 5.61 | K69: =LOOKUP(G69,lookup!$A$4:$B$16,lookup!$B$4:$B$16) -> 1.57 | L69: 0 | M69: 2
A70: 2025-10-11 | B70: =ROUND((B68-B71)/3*2+B71,2) -> 1096.65 | C70: =ROUND((C68-C71)/3*2+C71,2) -> 3366.7 | D70: =ROUND(C70/B70,2) -> 3.07 | E70: 25 | F70: 47 | G70: =E70+F70 -> 72 | H70: 622 | I70: =ROUND(B70/H70,2) -> 1.76 | J70: =ROUND(C70/$H70,2) -> 5.41 | K70: =LOOKUP(G70,lookup!$A$4:$B$16,lookup!$B$4:$B$16) -> 1.57 | L70: 0 | M70: 1
A71: 2025-10-10 | B71: 1089.89 | C71: 3332.5 | D71: =ROUND(C71/B71,2) -> 3.06 | E71: 25 | F71: 46 | G71: =E71+F71 -> 71 | H71: 623 | I71: =ROUND(B71/H71,2) -> 1.75 | J71: =ROUND(C71/$H71,2) -> 5.35 | K71: =LOOKUP(G71,lookup!$A$4:$B$16,lookup!$B$4:$B$16) -> 1.57 | L71: 0 | M71: 0
A72: 2025-10-09 | B72: 992.71 | C72: 3042.5 | D72: =ROUND(C72/B72,2) -> 3.06 | E72: 25 | F72: 45 | G72: =E72+F72 -> 70 | H72: 623 | I72: =ROUND(B72/H72,2) -> 1.59 | J72: =ROUND(C72/$H72,2) -> 4.88 | K72: =LOOKUP(G72,lookup!$A$4:$B$16,lookup!$B$4:$B$16) -> 1.23 | L72: 0 | M72: 0
A73: 2025-10-08 | B73: 1023.96 | C73: 3119.5 | D73: =ROUND(C73/B73,2) -> 3.05 | E73: 25 | F73: 44 | G73: =E73+F73 -> 69 | H73: 623 | I73: =ROUND(B73/H73,2) -> 1.64 | J73: =ROUND(C73/$H73,2) -> 5.01 | K73: =LOOKUP(G73,lookup!$A$4:$B$16,lookup!$B$4:$B$16) -> 1.23 | L73: 0 | M73: 0
A74: 2025-10-07 | B74: 1000.36 | C74: 3051.5 | D74: =ROUND(C74/B74,2) -> 3.05 | E74: 25 | F74: 43 | G74: =E74+F74 -> 68 | H74: 623 | I74: =ROUND(B74/H74,2) -> 1.61 | J74: =ROUND(C74/$H74,2) -> 4.9 | K74: =LOOKUP(G74,lookup!$A$4:$B$16,lookup!$B$4:$B$16) -> 1.23 | L74: 0 | M74: 0
A75: 2025-10-06 | B75: 1050.01 | C75: 3215.7 | D75: =ROUND(C75/B75,2) -> 3.06 | E75: 25 | F75: 42 | G75: =E75+F75 -> 67 | H75: 623 | I75: =ROUND(B75/H75,2) -> 1.69 | J75: =ROUND(C75/$H75,2) -> 5.16 | K75: =LOOKUP(G75,lookup!$A$4:$B$16,lookup!$B$4:$B$16) -> 1.23 | L75: 1 | M75: 2
A76: 2025-10-05 | B76: 1065.65 | C76: 3267.8 | D76: =ROUND(C76/B76,2) -> 3.07 | E76: 25 | F76: 41 | G76: =E76+F76 -> 66 | H76: 624 | I76: =ROUND(B76/H76,2) -> 1.71 | J76: =ROUND(C76/$H76,2) -> 5.24 | K76: =LOOKUP(G76,lookup!$A$4:$B$16,lookup!$B$4:$B$16) -> 1.23 | L76: 0 | M76: 0
A77: 2025-10-04 | B77: 1015.23 | C77: 3127.7 | D77: =ROUND(C77/B77,2) -> 3.08 | E77: 25 | F77: 40 | G77: =E77+F77 -> 65 | H77: 624 | I77: =ROUND(B77/H77,2) -> 1.63 | J77: =ROUND(C77/$H77,2) -> 5.01 | K77: =LOOKUP(G77,lookup!$A$4:$B$16,lookup!$B$4:$B$16) -> 1.23 | L77: 0 | M77: 0
A78: 2025-10-03 | B78: 983.2 | C78: 3027.6 | D78: =ROUND(C78/B78,2) -> 3.08 | E78: 25 | F78: 39 | G78: =E78+F78 -> 64 | H78: 624 | I78: =ROUND(B78/H78,2) -> 1.58 | J78: =ROUND(C78/$H78,2) -> 4.85 | K78: =LOOKUP(G78,lookup!$A$4:$B$16,lookup!$B$4:$B$16) -> 1.23 | L78: 0 | M78: 0
A79: 2025-10-02 | B79: 1004.68 | C79: 3119.4 | D79: =ROUND(C79/B79,2) -> 3.1 | E79: 25 | F79: 38 | G79: =E79+F79 -> 63 | H79: 624 | I79: =ROUND(B79/H79,2) -> 1.61 | J79: =ROUND(C79/$H79,2) -> 5 | K79: =LOOKUP(G79,lookup!$A$4:$B$16,lookup!$B$4:$B$16) -> 1.23 | L79: 0 | M79: 0
A80: 2025-10-01 | B80: 1055.98 | C80: 3375.8 | D80: =ROUND(C80/B80,2) -> 3.2 | E80: 25 | F80: 37 | G80: =E80+F80 -> 62 | H80: 624 | I80: =ROUND(B80/H80,2) -> 1.69 | J80: =ROUND(C80/$H80,2) -> 5.41 | K80: =LOOKUP(G80,lookup!$A$4:$B$16,lookup!$B$4:$B$16) -> 1.23 | L80: 0 | M80: 0
A81: 2025-09-30 | B81: 876.7 | C81: 4089.1 | D81: =ROUND(C81/B81,2) -> 4.66 | E81: 25 | F81: 36 | G81: =E81+F81 -> 61 | H81: 624 | I81: =ROUND(B81/H81,2) -> 1.4 | J81: =ROUND(C81/$H81,2) -> 6.55 | K81: =LOOKUP(G81,lookup!$A$4:$B$16,lookup!$B$4:$B$16) -> 1.23 | L81: 0 | M81: 0
A82: 2025-09-29 | B82: 1269.35 | C82: 3924.1 | D82: =ROUND(C82/B82,2) -> 3.09 | E82: 25 | F82: 35 | G82: =E82+F82 -> 60 | H82: 624 | I82: =ROUND(B82/H82,2) -> 2.03 | J82: =ROUND(C82/$H82,2) -> 6.29 | K82: =LOOKUP(G82,lookup!$A$4:$B$16,lookup!$B$4:$B$16) -> 0.97 | L82: 0 | M82: 0
... A116: 2025-08-26 | B116: 86.4 | C116: 380 | D116: =ROUND(C116/B116,2) -> 4.4 | E116: 25 | F116: 1 | G116: =E116+F116 -> 26 | H116: 828 | I116: =ROUND(B116/H116,2) -> 0.1 | J116: =ROUND(C116/$H116,2) -> 0.46 | K116: =LOOKUP(G116,lookup!$A$4:$B$16,lookup!$B$4:$B$16) -> 0.25 | L116: 0 | M116: 0

Sheet lookup
A1: Lookup Table：每一行代表“≥该值时，对应的输出”
A2: 以阜新数据为例
A3: 日龄下界 | B3: 采食量/kg
A4: 26 | B4: 0.25
A5: 31 | B5: 0.46
A6: 40 | B6: 0.75
A7: 54 | B7: 0.97
A8: 61 | B8: 1.23
A9: 71 | B9: 1.57
A10: 91 | B10: 1.84
A11: 98 | B11: 2.16
A12: 121 | B12: 2.51
A13: 133 | B13: 2.81
A14: 151 | B14: 3.02
A15: 154 | B15: 3.33
A16: 181 | B16: 3.63

Sheet Sheet2
B2: 发白
B3: 呼吸道疾病
A7: 1 -
A8: 2 -
A9: 3 - 发白
A10: 4 - 应激
A11: 5 - 胀气
A12: 9 - 猝死
