Workbook

Sheet 子表1-单栏喂料量
A1: 日期 | B1: Age | C1: 1 | D1: 2 | E1: 3 | F1: 4 | G1: 5 | H1: 6 | I1: 7 | J1: 8 | K1: 9 | L1: 10 | M1: 11 | N1: 12 | O1: 13 | P1: 14 | Q1: 15 | R1: 16 | S1: 17 | T1: 18 | U1: 19 | V1: 20 | W1: 21 | X1: 22 | Y1: 23 | Z1: 24 | AA1: 25 | AB1: 26 | AC1: 27 | AD1: 28
A2: 45895 | B2: 26 | C2: 0.4 | D2: 3.6 | E2: 4.8 | F2: 3.6 | G2: 3.2 | H2: 3.6 | I2: 4 | J2: 3.6 | K2: 3.6 | L2: 3.2 | M2: 1.6 | N2: 0.8 | O2: 0.8 | P2: 3.6 | Q2: 0.4 | R2: 4.8 | S2: 3.6 | T2: 4.8 | U2: 5.2 | V2: 3.6 | W2: 4 | X2: 4.8 | Y2: 4 | Z2: 3.6 | AA2: 1.2 | AB2: 1.2 | AC2: 0.4 | AD2: 4.4
A3: 45896 | B3: 27 | C3: 0 | D3: 4.8 | E3: 6.8 | F3: 5.6 | G3: 6 | H3: 5.6 | I3: 5.6 | J3: 5.6 | K3: 4.4 | L3: 5.2 | M3: 1.2 | N3: 0 | O3: 0 | P3: 6 | Q3: 0 | R3: 4 | S3: 5.2 | T3: 6 | U3: 6 | V3: 6 | W3: 6 | X3: 6 | Y3: 6 | Z3: 6.8 | AA3: 1.2 | AB3: 0.4 | AC3: 0 | AD3: 6
A4: 45897 | B4: 28 | C4: 0 | D4: 6.8 | E4: 8 | F4: 7.2 | G4: 6.8 | H4: 6.8 | I4: 8.4 | J4: 7.2 | K4: 5.2 | L4: 7.2 | M4: 2.4 | N4: 0 | O4: 0 | P4: 6.8 | Q4: 0 | R4: 6.4 | S4: 6.8 | T4: 6.4 | U4: 6.8 | V4: 7.6 | W4: 6.8 | X4: 7.6 | Y4: 7.2 | Z4: 8.8 | AA4: 2.8 | AB4: 0 | AC4: 0 | AD4: 6.4
A5: 45898 | B5: 29 | C5: 0 | D5: 8 | E5: 10.8 | F5: 10 | G5: 9.6 | H5: 10.4 | I5: 11.6 | J5: 10 | K5: 8 | L5: 10 | M5: 1.2 | N5: 0 | O5: 0 | P5: 8.4 | Q5: 0 | R5: 8 | S5: 1.6 | T5: 2.8 | U5: 9.6 | V5: 7.6 | W5: 10.4 | X5: 10.4 | Y5: 10.8 | Z5: 12.8 | AA5: 4.4 | AB5: 0 | AC5: 0 | AD5: 9.6
A6: 45899 | B6: 30 | C6: 0 | D6: 9.2 | E6: 13.6 | F6: 8 | G6: 15.6 | H6: 12.8 | I6: 14.4 | J6: 12.4 | K6: 10.8 | L6: 13.2 | M6: 2 | N6: 0 | O6: 0 | P6: 10 | Q6: 0 | R6: 12.4 | S6: 8.4 | T6: 10 | U6: 14 | V6: 15.2 | W6: 14 | X6: 15.2 | Y6: 15.2 | Z6: 17.2 | AA6: 5.6 | AB6: 0 | AC6: 0 | AD6: 12.8
A7: 45900 | B7: 31 | C7: 0 | D7: 10 | E7: 13.6 | F7: 15.2 | G7: 17.2 | H7: 16.4 | I7: 18.4 | J7: 16 | K7: 10 | L7: 12.4 | M7: 2.4 | N7: 6 | O7: 0 | P7: 11.2 | Q7: 0 | R7: 16 | S7: 13.6 | T7: 16.4 | U7: 16 | V7: 18.4 | W7: 18.4 | X7: 19.6 | Y7: 18.8 | Z7: 18 | AA7: 6.4 | AB7: 0 | AC7: 0 | AD7: 14
A8: 45901 | B8: 32 | C8: 0 | D8: 10.4 | E8: 12 | F8: 17.2 | G8: 14.4 | H8: 13.2 | I8: 16 | J8: 13.6 | K8: 8 | L8: 10.8 | M8: 3.6 | N8: 0 | O8: 0 | P8: 11.2 | Q8: 0 | R8: 15.2 | S8: 14.4 | T8: 14 | U8: 17.2 | V8: 16.4 | W8: 16.4 | X8: 14 | Y8: 15.2 | Z8: 17.2 | AA8: 6 | AB8: 0 | AC8: 0 | AD8: 12.8
A9: 45902 | B9: 33 | C9: 0 | D9: 11.2 | E9: 10.8 | F9: 14 | G9: 12 | H9: 11.6 | I9: 14 | J9: 10.4 | K9: 9.2 | L9: 11.2 | M9: 2.8 | N9: 0 | O9: 0 | P9: 12.8 | Q9: 0 | R9: 12 | S9: 11.2 | T9: 11.6 | U9: 12.4 | V9: 12.4 | W9: 13.2 | X9: 13.2 | Y9: 12.4 | Z9: 16 | AA9: 5.6 | AB9: 0 | AC9: 0 | AD9: 12.4
A10: 45903 | B10: 34 | C10: 0 | D10: 13.2 | E10: 10.8 | F10: 10.8 | G10: 11.2 | H10: 11.2 | I10: 12 | J10: 10.8 | K10: 9.2 | L10: 11.2 | M10: 4 | N10: 0 | O10: 0 | P10: 16.8 | Q10: 0 | R10: 11.2 | S10: 10 | T10: 11.2 | U10: 11.6 | V10: 12.8 | W10: 10 | X10: 12.4 | Y10: 12.8 | Z10: 13.6 | AA10: 6 | AB10: 0 | AC10: 0 | AD10: 11.6
A11: 45904 | B11: 35 | C11: 0 | D11: 17.2 | E11: 14.8 | F11: 12.8 | G11: 13.6 | H11: 13.2 | I11: 14.8 | J11: 12.4 | K11: 11.2 | L11: 13.6 | M11: 4 | N11: 0 | O11: 0 | P11: 20.4 | Q11: 0 | R11: 12.8 | S11: 11.6 | T11: 10 | U11: 12 | V11: 14.8 | W11: 13.6 | X11: 14.8 | Y11: 14.8 | Z11: 17.6 | AA11: 5.6 | AB11: 0 | AC11: 0 | AD11: 11.2
A12: 45905 | B12: 36 | C12: 0 | D12: 19.2 | E12: 19.6 | F12: 16.8 | G12: 16.8 | H12: 18 | I12: 18.4 | J12: 14.8 | K12: 14.8 | L12: 18.4 | M12: 6 | N12: 0 | O12: 0 | P12: 21.6 | Q12: 0 | R12: 16.4 | S12: 15.2 | T12: 18.8 | U12: 15.2 | V12: 19.2 | W12: 18 | X12: 18.8 | Y12: 16.8 | Z12: 20.8 | AA12: 7.6 | AB12: 0 | AC12: 0 | AD12: 18.8
A13: 45906 | B13: 37 | C13: 0 | D13: 24 | E13: 24 | F13: 23.6 | G13: 25.6 | H13: 23.2 | I13: 24.8 | J13: 19.2 | K13: 16.4 | L13: 23.2 | M13: 5.2 | N13: 4 | O13: 0 | P13: 26.8 | Q13: 0 | R13: 20 | S13: 21.2 | T13: 22.8 | U13: 20 | V13: 23.6 | W13: 24.8 | X13: 24.8 | Y13: 25.2 | Z13: 27.2 | AA13: 8.4 | AB13: 0 | AC13: 0 | AD13: 24.8
... A47: 45940 | B47: 71 | C47: 57.2 | D47: 54.8 | E47: 57.2 | F47: 47.6 | G47: 55.2 | H47: 54.8 | I47: 0 | J47: 49.2 | K47: 44.8 | L47: 52.8 | M47: 2 | N47: 0 | O47: 0 | P47: 44 | Q47: 50.4 | R47: 49.6 | S47: 53.6 | T47: 54.4 | U47: 54 | V47: 56 | W47: 44.8 | X47: 54.4 | Y47: 54 | Z47: 25.2 | AA47: 12 | AB47: 0 | AC47: 0.8 | AD47: 61.09
A48: 45941 | B48: 72 | C48: =ROUND(C$47+(C$50-C$47)/3*1,2) -> 57.07 | D48: =ROUND(D$47+(D$50-D$47)/3*1,2) -> 54.27 | E48: =ROUND(E$47+(E$50-E$47)/3*1,2) -> 55.87 | F48: =ROUND(F$47+(F$50-F$47)/3*1,2) -> 48.53 | G48: =ROUND(G$47+(G$50-G$47)/3*1,2) -> 56.4 | H48: =ROUND(H$47+(H$50-H$47)/3*1,2) -> 55.33 | I48: =ROUND(I$47+(I$50-I$47)/3*1,2) -> 0 | J48: =ROUND(J$47+(J$50-J$47)/3*1,2) -> 48.67 | ... AD48: =ROUND(AD$47+(AD$50-AD$47)/3*1,2) -> 57.54
A49: 45942 | B49: 73 | C49: =ROUND(C$47+(C$50-C$47)/3*2,2) -> 56.93 | D49: =ROUND(D$47+(D$50-D$47)/3*2,2) -> 53.73 | E49: =ROUND(E$47+(E$50-E$47)/3*2,2) -> 54.53 | F49: =ROUND(F$47+(F$50-F$47)/3*2,2) -> 49.47 | G49: =ROUND(G$47+(G$50-G$47)/3*2,2) -> 57.6 | H49: =ROUND(H$47+(H$50-H$47)/3*2,2) -> 55.87 | I49: =ROUND(I$47+(I$50-I$47)/3*2,2) -> 0 | J49: =ROUND(J$47+(J$50-J$47)/3*2,2) -> 48.13 | ... AD49: =ROUND(AD$47+(AD$50-AD$47)/3*2,2) -> 53.98
A50: 45943 | B50: 74 | C50: 56.8 | D50: 53.2 | E50: 53.2 | F50: 50.4 | G50: 58.8 | H50: 56.4 | I50: 0 | J50: 47.6 | K50: 48.4 | L50: 50.4 | M50: 6.8 | N50: 4 | O50: 0 | P50: 56.4 | Q50: 47.6 | R50: 50.8 | S50: 52 | T50: 55.2 | U50: 56.8 | V50: 56.8 | W50: 46 | X50: 50.8 | Y50: 52.8 | Z50: 24 | AA50: 14.4 | AB50: 0 | AC50: 0 | AD50: 50.43
A51: 45944 | B51: 75 | C51: 60.4 | D51: 55.2 | E51: 57.6 | F51: 54 | G51: 60.4 | H51: 53.2 | I51: 0 | J51: 46.8 | K51: 49.2 | L51: 52 | M51: 9.2 | N51: 4 | O51: 0 | P51: 58.8 | Q51: 49.2 | R51: 52 | S51: 53.2 | T51: 58 | U51: 62 | V51: 56 | W51: 45.2 | X51: 54.4 | Y51: 55.6 | Z51: 34.8 | AA51: 15.2 | AB51: 6 | AC51: 2 | AD51: 56.17
A52: 45945 | B52: 76 | C52: 60.4 | D52: 58 | E52: 57.2 | F52: 52 | G52: 63.2 | H52: 55.2 | I52: 0 | J52: 45.6 | K52: 51.6 | L52: 49.2 | M52: 13.6 | N52: 2.8 | O52: 0 | P52: 59.2 | Q52: 51.6 | R52: 53.2 | S52: 52 | T52: 54 | U52: 64 | V52: 55.2 | W52: 47.6 | X52: 49.6 | Y52: 54 | Z52: 31.2 | AA52: 15.2 | AB52: 2.8 | AC52: 0 | AD52: 54.94
A53: 45946 | B53: 77 | C53: 57.6 | D53: 56.8 | E53: 58.4 | F53: 53.2 | G53: 63.2 | H53: 54 | I53: 0 | J53: 45.6 | K53: 53.2 | L53: 52.8 | M53: 12.8 | N53: 4 | O53: 0 | P53: 60.4 | Q53: 52.4 | R53: 52 | S53: 55.6 | T53: 55.6 | U53: 64.4 | V53: 54.4 | W53: 47.6 | X53: 49.6 | Y53: 53.2 | Z53: 32 | AA53: 14.8 | AB53: 2 | AC53: 0 | AD53: 56.99
A54: 45947 | B54: 78 | C54: 44.8 | D54: 44 | E54: 46.8 | F54: 39.2 | G54: 47.2 | H54: 40.8 | I54: 0 | J54: 36.4 | K54: 41.2 | L54: 41.2 | M54: 12 | N54: 4.8 | O54: 0 | P54: 42.4 | Q54: 40 | R54: 41.6 | S54: 44 | T54: 41.2 | U54: 50 | V54: 39.6 | W54: 38 | X54: 38.8 | Y54: 35.2 | Z54: 23.6 | AA54: 11.2 | AB54: 4.8 | AC54: 0 | AD54: 40.59
A55: 45948 | B55: 79 | C55: 47.2 | D55: 47.6 | E55: 49.6 | F55: 44 | G55: 47.6 | H55: 46 | I55: 2.8 | J55: 39.2 | K55: 40.4 | L55: 41.6 | M55: 15.2 | N55: 4.8 | O55: 0 | P55: 55.2 | Q55: 43.2 | R55: 47.2 | S55: 46.8 | T55: 50 | U55: 52 | V55: 44 | W55: 43.6 | X55: 40.4 | Y55: 46.8 | Z55: 26.8 | AA55: 12.8 | AB55: 6.8 | AC55: 0 | AD55: 43.87
A56: 45949 | B56: 80 | C56: 48 | D56: 46.8 | E56: 46 | F56: 45.6 | G56: 41.2 | H56: 44.8 | I56: 6.4 | J56: 38.8 | K56: 43.6 | L56: 44.8 | M56: 14.8 | N56: 10 | O56: 0 | P56: 53.2 | Q56: 46 | R56: 48.8 | S56: 47.2 | T56: 50.4 | U56: 52.8 | V56: 44.8 | W56: 41.2 | X56: 41.2 | Y56: 47.6 | Z56: 32 | AA56: 12.8 | AB56: 2.8 | AC56: 0 | AD56: 35.67
A57: 45950 | B57: 81 | C57: 57.6 | D57: 51.6 | E57: 53.6 | F57: 49.2 | G57: 53.6 | H57: 54.4 | I57: 6 | J57: 40.8 | K57: 50.4 | L57: 51.6 | M57: 25.2 | N57: 2.4 | O57: 0 | P57: 57.6 | Q57: 47.6 | R57: 54.4 | S57: 57.2 | T57: 59.2 | U57: 69.2 | V57: 51.6 | W57: 46.8 | X57: 49.6 | Y57: 56 | Z57: 32 | AA57: 14.4 | AB57: 10 | AC57: 2 | AD57: 58.63
A58: 45951 | B58: 82 | C58: 65.2 | D58: 54.8 | E58: 56 | F58: 54.4 | G58: 57.2 | H58: 61.6 | I58: 6 | J58: 47.2 | K58: 55.2 | L58: 54 | M58: 28.4 | N58: 0 | O58: 0 | P58: 64.8 | Q58: 49.6 | R58: 55.2 | S58: 60.8 | T58: 57.6 | U58: 66.4 | V58: 51.2 | W58: 52 | X58: 51.6 | Y58: 60.4 | Z58: 36.8 | AA58: 14.4 | AB58: 7.6 | AC58: 0 | AD58: 64.37
A59: 45952 | B59: 83 | C59: 57.6 | D59: 51.6 | E59: 56.4 | F59: 50.8 | G59: 54.4 | H59: 50.8 | I59: 36 | J59: 44.4 | K59: 57.6 | L59: 44 | M59: 14 | N59: 0.8 | O59: 0 | P59: 54.4 | Q59: 49.6 | R59: 58 | S59: 53.6 | T59: 57.6 | U59: 66.8 | V59: 52 | W59: 45.2 | X59: 50 | Y59: 57.6 | Z59: 36.4 | AA59: 19.2 | AB59: 4 | AC59: 0 | AD59: 53.3
A60: 45953 | B60: 84 | C60: 56.8 | D60: 47.2 | E60: 49.6 | F60: 49.6 | G60: 48 | H60: 52.8 | I60: 52.4 | J60: 45.6 | K60: 51.6 | L60: 35.2 | M60: 1.2 | N60: 0 | O60: 0 | P60: 60 | Q60: 49.2 | R60: 46 | S60: 52.8 | T60: 56 | U60: 62.4 | V60: 50.4 | W60: 43.6 | X60: 49.2 | Y60: 56.4 | Z60: 34.8 | AA60: 22.8 | AB60: 4.8 | AC60: 0 | AD60: 55.76
A61: 45954 | B61: 85 | C61: 53.2 | D61: 49.2 | E61: 47.2 | F61: 51.6 | G61: 51.2 | H61: 54.4 | I61: 48.4 | J61: 43.2 | K61: 49.2 | L61: 32.8 | M61: 2 | N61: 0 | O61: 0 | P61: 54 | Q61: 48 | R61: 46.4 | S61: 54 | T61: 53.2 | U61: 61.2 | V61: 48.4 | W61: 45.2 | X61: 48.8 | Y61: 56.4 | Z61: 35.2 | AA61: 20.4 | AB61: 5.2 | AC61: 0 | AD61: 29.93
... A113: 46006 | B113: 137 | C113: 80.4 | D113: 73.2 | E113: 77.2 | F113: 64.8 | G113: 68.4 | H113: 70 | I113: 76.4 | J113: 73.6 | K113: 76 | L113: 79.2 | M113: 3.6 | N113: 15.2 | O113: 17.6 | P113: 3.2 | Q113: 77.2 | R113: 60.8 | S113: 76.8 | T113: 70 | U113: 80.4 | V113: 77.2 | W113: 60.8 | X113: 68 | Y113: 65.6 | Z113: 73.6 | AA113: 25.2 | AB113: 15.2 | AC113: 4.4 | AD113: 70.11

Sheet 子表2-单栏喂水量
A1: 日期 | B1: 1 | C1: 2 | D1: 3 | E1: 4 | F1: 5 | G1: 6 | H1: 7 | I1: 8 | J1: 9 | K1: 10 | L1: 11 | M1: 12 | N1: 13 | O1: 14 | P1: 15 | Q1: 16 | R1: 17 | S1: 18 | T1: 19 | U1: 20 | V1: 21 | W1: 22 | X1: 23 | Y1: 24 | Z1: 25 | AA1: 26 | AB1: 27 | AC1: 28
A2: 45894 | B2: 0 | C2: 32 | D2: 40 | E2: 32 | F2: 36 | G2: 28 | H2: 40 | I2: 24 | J2: 24 | K2: 12 | L2: 0 | M2: 0 | N2: 0 | O2: 12 | P2: 0 | Q2: 36 | R2: 28 | S2: 32 | T2: 28 | U2: 32 | V2: 32 | W2: 20 | X2: 24 | Y2: 28 | Z2: 4 | AA2: 0 | AB2: 0 | AC2: 12
A3: 45895 | B3: 0 | C3: 16 | D3: 24 | E3: 20 | F3: 16 | G3: 20 | H3: 20 | I3: 20 | J3: 16 | K3: 16 | L3: 0 | M3: 0 | N3: 0 | O3: 20 | P3: 0 | Q3: 20 | R3: 16 | S3: 24 | T3: 24 | U3: 20 | V3: 16 | W3: 8 | X3: 20 | Y3: 20 | Z3: 4 | AA3: 0 | AB3: 0 | AC3: 20
A4: 45896 | B4: 0 | C4: 24 | D4: 36 | E4: 28 | F4: 28 | G4: 28 | H4: 28 | I4: 28 | J4: 20 | K4: 28 | L4: 0 | M4: 0 | N4: 0 | O4: 32 | P4: 0 | Q4: 16 | R4: 24 | S4: 28 | T4: 28 | U4: 24 | V4: 28 | W4: 32 | X4: 28 | Y4: 32 | Z4: 4 | AA4: 0 | AB4: 0 | AC4: 28
A5: 45897 | B5: 0 | C5: 28 | D5: 40 | E5: 32 | F5: 32 | G5: 32 | H5: 36 | I5: 36 | J5: 24 | K5: 32 | L5: 4 | M5: 0 | N5: 0 | O5: 32 | P5: 0 | Q5: 24 | R5: 28 | S5: 32 | T5: 32 | U5: 36 | V5: 32 | W5: 36 | X5: 32 | Y5: 40 | Z5: 12 | AA5: 0 | AB5: 0 | AC5: 32
A6: 45898 | B6: 0 | C6: 32 | D6: 44 | E6: 44 | F6: 40 | G6: 40 | H6: 44 | I6: 44 | J6: 36 | K6: 44 | L6: 4 | M6: 0 | N6: 0 | O6: 32 | P6: 0 | Q6: 36 | R6: 16 | S6: 24 | T6: 40 | U6: 32 | V6: 40 | W6: 40 | X6: 44 | Y6: 52 | Z6: 16 | AA6: 0 | AB6: 0 | AC6: 40
A7: 45899 | B7: 0 | C7: 36 | D7: 52 | E7: 48 | F7: 60 | G7: 48 | H7: 56 | I7: 48 | J7: 40 | K7: 48 | L7: 8 | M7: 0 | N7: 0 | O7: 36 | P7: 0 | Q7: 44 | R7: 32 | S7: 44 | T7: 52 | U7: 56 | V7: 52 | W7: 60 | X7: 56 | Y7: 68 | Z7: 20 | AA7: 0 | AB7: 0 | AC7: 48
A8: 45900 | B8: 0 | C8: 32 | D8: 48 | E8: 56 | F8: 56 | G8: 52 | H8: 60 | I8: 52 | J8: 32 | K8: 40 | L8: 8 | M8: 0 | N8: 0 | O8: 40 | P8: 0 | Q8: 56 | R8: 44 | S8: 52 | T8: 52 | U8: 60 | V8: 56 | W8: 60 | X8: 60 | Y8: 56 | Z8: 20 | AA8: 0 | AB8: 0 | AC8: 48
A9: 45901 | B9: 0 | C9: 36 | D9: 40 | E9: 56 | F9: 44 | G9: 44 | H9: 52 | I9: 44 | J9: 28 | K9: 36 | L9: 12 | M9: 0 | N9: 0 | O9: 40 | P9: 0 | Q9: 52 | R9: 52 | S9: 48 | T9: 56 | U9: 56 | V9: 52 | W9: 48 | X9: 48 | Y9: 60 | Z9: 20 | AA9: 0 | AB9: 0 | AC9: 44
A10: 45902 | B10: 0 | C10: 40 | D10: 36 | E10: 44 | F10: 40 | G10: 36 | H10: 44 | I10: 36 | J10: 32 | K10: 40 | L10: 12 | M10: 0 | N10: 0 | O10: 44 | P10: 0 | Q10: 40 | R10: 36 | S10: 36 | T10: 40 | U10: 44 | V10: 40 | W10: 44 | X10: 40 | Y10: 52 | Z10: 16 | AA10: 0 | AB10: 0 | AC10: 44
A11: 45903 | B11: 0 | C11: 48 | D11: 36 | E11: 40 | F11: 40 | G11: 40 | H11: 44 | I11: 36 | J11: 36 | K11: 40 | L11: 8 | M11: 0 | N11: 0 | O11: 56 | P11: 0 | Q11: 36 | R11: 36 | S11: 40 | T11: 36 | U11: 44 | V11: 36 | W11: 44 | X11: 44 | Y11: 52 | Z11: 16 | AA11: 0 | AB11: 0 | AC11: 44
A12: 45904 | B12: 0 | C12: 60 | D12: 52 | E12: 44 | F12: 48 | G12: 44 | H12: 48 | I12: 40 | J12: 40 | K12: 48 | L12: 8 | M12: 0 | N12: 0 | O12: 68 | P12: 0 | Q12: 40 | R12: 36 | S12: 32 | T12: 40 | U12: 56 | V12: 44 | W12: 48 | X12: 48 | Y12: 60 | Z12: 20 | AA12: 0 | AB12: 0 | AC12: 40
A13: 45905 | B13: 0 | C13: 68 | D13: 68 | E13: 56 | F13: 60 | G13: 60 | H13: 60 | I13: 52 | J13: 48 | K13: 64 | L13: 16 | M13: 0 | N13: 0 | O13: 72 | P13: 0 | Q13: 52 | R13: 48 | S13: 60 | T13: 52 | U13: 68 | V13: 56 | W13: 60 | X13: 60 | Y13: 76 | Z13: 24 | AA13: 0 | AB13: 0 | AC13: 64
... A112: 46006 | B112: 244 | C112: 220 | D112: 232 | E112: 196 | F112: 204 | G112: 212 | H112: 240 | I112: 224 | J112: 228 | K112: 244 | L112: 4 | M112: 44 | N112: 52 | O112: 4 | P112: 232 | Q112: 180 | R112: 232 | S112: 216 | T112: 244 | U112: 232 | V112: 184 | W112: 204 | X112: 196 | Y112: 228 | Z112: 76 | AA112: 44 | AB112: 12 | AC112: 213.2

Sheet 子表3-水料比
A1: 日期 | B1: 1 | C1: 2 | D1: 3 | E1: 4 | F1: 5 | G1: 6 | H1: 7 | I1: 8 | J1: 9 | K1: 10 | L1: 11 | M1: 12 | N1: 13 | O1: 14 | P1: 15 | Q1: 16 | R1: 17 | S1: 18 | T1: 19 | U1: 20 | V1: 21 | W1: 22 | X1: 23 | Y1: 24 | Z1: 25 | AA1: 26 | AB1: 27 | AC1: 28
A2: 45894 | B2: =IF('子表2-单栏喂水量'!B2=0,"",IF('子表1-单栏喂料量'!#REF!=0,"",ROUND('子表2-单栏喂水量'!B2/'子表1-单栏喂料量'!#REF!,1))) | C2: =IF('子表2-单栏喂水量'!C2=0,"",IF('子表1-单栏喂料量'!#REF!=0,"",ROUND('子表2-单栏喂水量'!C2/'子表1-单栏喂料量'!#REF!,1))) -> #REF! | D2: =IF('子表2-单栏喂水量'!D2=0,"",IF('子表1-单栏喂料量'!#REF!=0,"",ROUND('子表2-单栏喂水量'!D2/'子表1-单栏喂料量'!#REF!,1))) -> #REF! | E2: =IF('子表2-单栏喂水量'!E2=0,"",IF('子表1-单栏喂料量'!#REF!=0,"",ROUND('子表2-单栏喂水量'!E2/'子表1-单栏喂料量'!#REF!,1))) -> #REF! | F2: =IF('子表2-单栏喂水量'!F2=0,"",IF('子表1-单栏喂料量'!#REF!=0,"",ROUND('子表2-单栏喂水量'!F2/'子表1-单栏喂料量'!#REF!,1))) -> #REF! | G2: =IF('子表2-单栏喂水量'!G2=0,"",IF('子表1-单栏喂料量'!#REF!=0,"",ROUND('子表2-单栏喂水量'!G2/'子表1-单栏喂料量'!#REF!,1))) -> #REF! | H2: =IF('子表2-单栏喂水量'!H2=0,"",IF('子表1-单栏喂料量'!#REF!=0,"",ROUND('子表2-单栏喂水量'!H2/'子表1-单栏喂料量'!#REF!,1))) -> #REF! | I2: =IF('子表2-单栏喂水量'!I2=0,"",IF('子表1-单栏喂料量'!#REF!=0,"",ROUND('子表2-单栏喂水量'!I2/'子表1-单栏喂料量'!#REF!,1))) -> #REF! | ... AC2: =IF('子表2-单栏喂水量'!AC2=0,"",IF('子表1-单栏喂料量'!#REF!=0,"",ROUND('子表2-单栏喂水量'!AC2/'子表1-单栏喂料量'!#REF!,1))) -> #REF!
A3: 45895 | B3: =IF('子表2-单栏喂水量'!B3=0,"",IF('子表1-单栏喂料量'!C2=0,"",ROUND('子表2-单栏喂水量'!B3/'子表1-单栏喂料量'!C2,1))) | C3: =IF('子表2-单栏喂水量'!C3=0,"",IF('子表1-单栏喂料量'!D2=0,"",ROUND('子表2-单栏喂水量'!C3/'子表1-单栏喂料量'!D2,1))) -> 4.4 | D3: =IF('子表2-单栏喂水量'!D3=0,"",IF('子表1-单栏喂料量'!E2=0,"",ROUND('子表2-单栏喂水量'!D3/'子表1-单栏喂料量'!E2,1))) -> 5 | E3: =IF('子表2-单栏喂水量'!E3=0,"",IF('子表1-单栏喂料量'!F2=0,"",ROUND('子表2-单栏喂水量'!E3/'子表1-单栏喂料量'!F2,1))) -> 5.6 | F3: =IF('子表2-单栏喂水量'!F3=0,"",IF('子表1-单栏喂料量'!G2=0,"",ROUND('子表2-单栏喂水量'!F3/'子表1-单栏喂料量'!G2,1))) -> 5 | G3: =IF('子表2-单栏喂水量'!G3=0,"",IF('子表1-单栏喂料量'!H2=0,"",ROUND('子表2-单栏喂水量'!G3/'子表1-单栏喂料量'!H2,1))) -> 5.6 | H3: =IF('子表2-单栏喂水量'!H3=0,"",IF('子表1-单栏喂料量'!I2=0,"",ROUND('子表2-单栏喂水量'!H3/'子表1-单栏喂料量'!I2,1))) -> 5 | I3: =IF('子表2-单栏喂水量'!I3=0,"",IF('子表1-单栏喂料量'!J2=0,"",ROUND('子表2-单栏喂水量'!I3/'子表1-单栏喂料量'!J2,1))) -> 5.6 | ... AC3: =IF('子表2-单栏喂水量'!AC3=0,"",IF('子表1-单栏喂料量'!AD2=0,"",ROUND('子表2-单栏喂水量'!AC3/'子表1-单栏喂料量'!AD2,1))) -> 4.5
A4: 45896 | B4: =IF('子表2-单栏喂水量'!B4=0,"",IF('子表1-单栏喂料量'!C3=0,"",ROUND('子表2-单栏喂水量'!B4/'子表1-单栏喂料量'!C3,1))) | C4: =IF('子表2-单栏喂水量'!C4=0,"",IF('子表1-单栏喂料量'!D3=0,"",ROUND('子表2-单栏喂水量'!C4/'子表1-单栏喂料量'!D3,1))) -> 5 | D4: =IF('子表2-单栏喂水量'!D4=0,"",IF('子表1-单栏喂料量'!E3=0,"",ROUND('子表2-单栏喂水量'!D4/'子表1-单栏喂料量'!E3,1))) -> 5.3 | E4: =IF('子表2-单栏喂水量'!E4=0,"",IF('子表1-单栏喂料量'!F3=0,"",ROUND('子表2-单栏喂水量'!E4/'子表1-单栏喂料量'!F3,1))) -> 5 | F4: =IF('子表2-单栏喂水量'!F4=0,"",IF('子表1-单栏喂料量'!G3=0,"",ROUND('子表2-单栏喂水量'!F4/'子表1-单栏喂料量'!G3,1))) -> 4.7 | G4: =IF('子表2-单栏喂水量'!G4=0,"",IF('子表1-单栏喂料量'!H3=0,"",ROUND('子表2-单栏喂水量'!G4/'子表1-单栏喂料量'!H3,1))) -> 5 | H4: =IF('子表2-单栏喂水量'!H4=0,"",IF('子表1-单栏喂料量'!I3=0,"",ROUND('子表2-单栏喂水量'!H4/'子表1-单栏喂料量'!I3,1))) -> 5 | I4: =IF('子表2-单栏喂水量'!I4=0,"",IF('子表1-单栏喂料量'!J3=0,"",ROUND('子表2-单栏喂水量'!I4/'子表1-单栏喂料量'!J3,1))) -> 5 | ... AC4: =IF('子表2-单栏喂水量'!AC4=0,"",IF('子表1-单栏喂料量'!AD3=0,"",ROUND('子表2-单栏喂水量'!AC4/'子表1-单栏喂料量'!AD3,1))) -> 4.7
A5: 45897 | B5: =IF('子表2-单栏喂水量'!B5=0,"",IF('子表1-单栏喂料量'!C4=0,"",ROUND('子表2-单栏喂水量'!B5/'子表1-单栏喂料量'!C4,1))) | C5: =IF('子表2-单栏喂水量'!C5=0,"",IF('子表1-单栏喂料量'!D4=0,"",ROUND('子表2-单栏喂水量'!C5/'子表1-单栏喂料量'!D4,1))) -> 4.1 | D5: =IF('子表2-单栏喂水量'!D5=0,"",IF('子表1-单栏喂料量'!E4=0,"",ROUND('子表2-单栏喂水量'!D5/'子表1-单栏喂料量'!E4,1))) -> 5 | E5: =IF('子表2-单栏喂水量'!E5=0,"",IF('子表1-单栏喂料量'!F4=0,"",ROUND('子表2-单栏喂水量'!E5/'子表1-单栏喂料量'!F4,1))) -> 4.4 | F5: =IF('子表2-单栏喂水量'!F5=0,"",IF('子表1-单栏喂料量'!G4=0,"",ROUND('子表2-单栏喂水量'!F5/'子表1-单栏喂料量'!G4,1))) -> 4.7 | G5: =IF('子表2-单栏喂水量'!G5=0,"",IF('子表1-单栏喂料量'!H4=0,"",ROUND('子表2-单栏喂水量'!G5/'子表1-单栏喂料量'!H4,1))) -> 4.7 | H5: =IF('子表2-单栏喂水量'!H5=0,"",IF('子表1-单栏喂料量'!I4=0,"",ROUND('子表2-单栏喂水量'!H5/'子表1-单栏喂料量'!I4,1))) -> 4.3 | I5: =IF('子表2-单栏喂水量'!I5=0,"",IF('子表1-单栏喂料量'!J4=0,"",ROUND('子表2-单栏喂水量'!I5/'子表1-单栏喂料量'!J4,1))) -> 5 | ... AC5: =IF('子表2-单栏喂水量'!AC5=0,"",IF('子表1-单栏喂料量'!AD4=0,"",ROUND('子表2-单栏喂水量'!AC5/'子表1-单栏喂料量'!AD4,1))) -> 5
A6: 45898 | B6: =IF('子表2-单栏喂水量'!B6=0,"",IF('子表1-单栏喂料量'!C5=0,"",ROUND('子表2-单栏喂水量'!B6/'子表1-单栏喂料量'!C5,1))) | C6: =IF('子表2-单栏喂水量'!C6=0,"",IF('子表1-单栏喂料量'!D5=0,"",ROUND('子表2-单栏喂水量'!C6/'子表1-单栏喂料量'!D5,1))) -> 4 | D6: =IF('子表2-单栏喂水量'!D6=0,"",IF('子表1-单栏喂料量'!E5=0,"",ROUND('子表2-单栏喂水量'!D6/'子表1-单栏喂料量'!E5,1))) -> 4.1 | E6: =IF('子表2-单栏喂水量'!E6=0,"",IF('子表1-单栏喂料量'!F5=0,"",ROUND('子表2-单栏喂水量'!E6/'子表1-单栏喂料量'!F5,1))) -> 4.4 | F6: =IF('子表2-单栏喂水量'!F6=0,"",IF('子表1-单栏喂料量'!G5=0,"",ROUND('子表2-单栏喂水量'!F6/'子表1-单栏喂料量'!G5,1))) -> 4.2 | G6: =IF('子表2-单栏喂水量'!G6=0,"",IF('子表1-单栏喂料量'!H5=0,"",ROUND('子表2-单栏喂水量'!G6/'子表1-单栏喂料量'!H5,1))) -> 3.8 | H6: =IF('子表2-单栏喂水量'!H6=0,"",IF('子表1-单栏喂料量'!I5=0,"",ROUND('子表2-单栏喂水量'!H6/'子表1-单栏喂料量'!I5,1))) -> 3.8 | I6: =IF('子表2-单栏喂水量'!I6=0,"",IF('子表1-单栏喂料量'!J5=0,"",ROUND('子表2-单栏喂水量'!I6/'子表1-单栏喂料量'!J5,1))) -> 4.4 | ... AC6: =IF('子表2-单栏喂水量'!AC6=0,"",IF('子表1-单栏喂料量'!AD5=0,"",ROUND('子表2-单栏喂水量'!AC6/'子表1-单栏喂料量'!AD5,1))) -> 4.2
A7: 45899 | B7: =IF('子表2-单栏喂水量'!B7=0,"",IF('子表1-单栏喂料量'!C6=0,"",ROUND('子表2-单栏喂水量'!B7/'子表1-单栏喂料量'!C6,1))) | C7: =IF('子表2-单栏喂水量'!C7=0,"",IF('子表1-单栏喂料量'!D6=0,"",ROUND('子表2-单栏喂水量'!C7/'子表1-单栏喂料量'!D6,1))) -> 3.9 | D7: =IF('子表2-单栏喂水量'!D7=0,"",IF('子表1-单栏喂料量'!E6=0,"",ROUND('子表2-单栏喂水量'!D7/'子表1-单栏喂料量'!E6,1))) -> 3.8 | E7: =IF('子表2-单栏喂水量'!E7=0,"",IF('子表1-单栏喂料量'!F6=0,"",ROUND('子表2-单栏喂水量'!E7/'子表1-单栏喂料量'!F6,1))) -> 6 | F7: =IF('子表2-单栏喂水量'!F7=0,"",IF('子表1-单栏喂料量'!G6=0,"",ROUND('子表2-单栏喂水量'!F7/'子表1-单栏喂料量'!G6,1))) -> 3.8 | G7: =IF('子表2-单栏喂水量'!G7=0,"",IF('子表1-单栏喂料量'!H6=0,"",ROUND('子表2-单栏喂水量'!G7/'子表1-单栏喂料量'!H6,1))) -> 3.8 | H7: =IF('子表2-单栏喂水量'!H7=0,"",IF('子表1-单栏喂料量'!I6=0,"",ROUND('子表2-单栏喂水量'!H7/'子表1-单栏喂料量'!I6,1))) -> 3.9 | I7: =IF('子表2-单栏喂水量'!I7=0,"",IF('子表1-单栏喂料量'!J6=0,"",ROUND('子表2-单栏喂水量'!I7/'子表1-单栏喂料量'!J6,1))) -> 3.9 | ... AC7: =IF('子表2-单栏喂水量'!AC7=0,"",IF('子表1-单栏喂料量'!AD6=0,"",ROUND('子表2-单栏喂水量'!AC7/'子表1-单栏喂料量'!AD6,1))) -> 3.8
A8: 45900 | B8: =IF('子表2-单栏喂水量'!B8=0,"",IF('子表1-单栏喂料量'!C7=0,"",ROUND('子表2-单栏喂水量'!B8/'子表1-单栏喂料量'!C7,1))) | C8: =IF('子表2-单栏喂水量'!C8=0,"",IF('子表1-单栏喂料量'!D7=0,"",ROUND('子表2-单栏喂水量'!C8/'子表1-单栏喂料量'!D7,1))) -> 3.2 | D8: =IF('子表2-单栏喂水量'!D8=0,"",IF('子表1-单栏喂料量'!E7=0,"",ROUND('子表2-单栏喂水量'!D8/'子表1-单栏喂料量'!E7,1))) -> 3.5 | E8: =IF('子表2-单栏喂水量'!E8=0,"",IF('子表1-单栏喂料量'!F7=0,"",ROUND('子表2-单栏喂水量'!E8/'子表1-单栏喂料量'!F7,1))) -> 3.7 | F8: =IF('子表2-单栏喂水量'!F8=0,"",IF('子表1-单栏喂料量'!G7=0,"",ROUND('子表2-单栏喂水量'!F8/'子表1-单栏喂料量'!G7,1))) -> 3.3 | G8: =IF('子表2-单栏喂水量'!G8=0,"",IF('子表1-单栏喂料量'!H7=0,"",ROUND('子表2-单栏喂水量'!G8/'子表1-单栏喂料量'!H7,1))) -> 3.2 | H8: =IF('子表2-单栏喂水量'!H8=0,"",IF('子表1-单栏喂料量'!I7=0,"",ROUND('子表2-单栏喂水量'!H8/'子表1-单栏喂料量'!I7,1))) -> 3.3 | I8: =IF('子表2-单栏喂水量'!I8=0,"",IF('子表1-单栏喂料量'!J7=0,"",ROUND('子表2-单栏喂水量'!I8/'子表1-单栏喂料量'!J7,1))) -> 3.3 | ... AC8: =IF('子表2-单栏喂水量'!AC8=0,"",IF('子表1-单栏喂料量'!AD7=0,"",ROUND('子表2-单栏喂水量'!AC8/'子表1-单栏喂料量'!AD7,1))) -> 3.4
A9: 45901 | B9: =IF('子表2-单栏喂水量'!B9=0,"",IF('子表1-单栏喂料量'!C8=0,"",ROUND('子表2-单栏喂水量'!B9/'子表1-单栏喂料量'!C8,1))) | C9: =IF('子表2-单栏喂水量'!C9=0,"",IF('子表1-单栏喂料量'!D8=0,"",ROUND('子表2-单栏喂水量'!C9/'子表1-单栏喂料量'!D8,1))) -> 3.5 | D9: =IF('子表2-单栏喂水量'!D9=0,"",IF('子表1-单栏喂料量'!E8=0,"",ROUND('子表2-单栏喂水量'!D9/'子表1-单栏喂料量'!E8,1))) -> 3.3 | E9: =IF('子表2-单栏喂水量'!E9=0,"",IF('子表1-单栏喂料量'!F8=0,"",ROUND('子表2-单栏喂水量'!E9/'子表1-单栏喂料量'!F8,1))) -> 3.3 | F9: =IF('子表2-单栏喂水量'!F9=0,"",IF('子表1-单栏喂料量'!G8=0,"",ROUND('子表2-单栏喂水量'!F9/'子表1-单栏喂料量'!G8,1))) -> 3.1 | G9: =IF('子表2-单栏喂水量'!G9=0,"",IF('子表1-单栏喂料量'!H8=0,"",ROUND('子表2-单栏喂水量'!G9/'子表1-单栏喂料量'!H8,1))) -> 3.3 | H9: =IF('子表2-单栏喂水量'!H9=0,"",IF('子表1-单栏喂料量'!I8=0,"",ROUND('子表2-单栏喂水量'!H9/'子表1-单栏喂料量'!I8,1))) -> 3.3 | I9: =IF('子表2-单栏喂水量'!I9=0,"",IF('子表1-单栏喂料量'!J8=0,"",ROUND('子表2-单栏喂水量'!I9/'子表1-单栏喂料量'!J8,1))) -> 3.2 | ... AC9: =IF('子表2-单栏喂水量'!AC9=0,"",IF('子表1-单栏喂料量'!AD8=0,"",ROUND('子表2-单栏喂水量'!AC9/'子表1-单栏喂料量'!AD8,1))) -> 3.4
A10: 45902 | B10: =IF('子表2-单栏喂水量'!B10=0,"",IF('子表1-单栏喂料量'!C9=0,"",ROUND('子表2-单栏喂水量'!B10/'子表1-单栏喂料量'!C9,1))) | C10: =IF('子表2-单栏喂水量'!C10=0,"",IF('子表1-单栏喂料量'!D9=0,"",ROUND('子表2-单栏喂水量'!C10/'子表1-单栏喂料量'!D9,1))) -> 3.6 | D10: =IF('子表2-单栏喂水量'!D10=0,"",IF('子表1-单栏喂料量'!E9=0,"",ROUND('子表2-单栏喂水量'!D10/'子表1-单栏喂料量'!E9,1))) -> 3.3 | E10: =IF('子表2-单栏喂水量'!E10=0,"",IF('子表1-单栏喂料量'!F9=0,"",ROUND('子表2-单栏喂水量'!E10/'子表1-单栏喂料量'!F9,1))) -> 3.1 | F10: =IF('子表2-单栏喂水量'!F10=0,"",IF('子表1-单栏喂料量'!G9=0,"",ROUND('子表2-单栏喂水量'!F10/'子表1-单栏喂料量'!G9,1))) -> 3.3 | G10: =IF('子表2-单栏喂水量'!G10=0,"",IF('子表1-单栏喂料量'!H9=0,"",ROUND('子表2-单栏喂水量'!G10/'子表1-单栏喂料量'!H9,1))) -> 3.1 | H10: =IF('子表2-单栏喂水量'!H10=0,"",IF('子表1-单栏喂料量'!I9=0,"",ROUND('子表2-单栏喂水量'!H10/'子表1-单栏喂料量'!I9,1))) -> 3.1 | I10: =IF('子表2-单栏喂水量'!I10=0,"",IF('子表1-单栏喂料量'!J9=0,"",ROUND('子表2-单栏喂水量'!I10/'子表1-单栏喂料量'!J9,1))) -> 3.5 | ... AC10: =IF('子表2-单栏喂水量'!AC10=0,"",IF('子表1-单栏喂料量'!AD9=0,"",ROUND('子表2-单栏喂水量'!AC10/'子表1-单栏喂料量'!AD9,1))) -> 3.5
A11: 45903 | B11: =IF('子表2-单栏喂水量'!B11=0,"",IF('子表1-单栏喂料量'!C10=0,"",ROUND('子表2-单栏喂水量'!B11/'子表1-单栏喂料量'!C10,1))) | C11: =IF('子表2-单栏喂水量'!C11=0,"",IF('子表1-单栏喂料量'!D10=0,"",ROUND('子表2-单栏喂水量'!C11/'子表1-单栏喂料量'!D10,1))) -> 3.6 | D11: =IF('子表2-单栏喂水量'!D11=0,"",IF('子表1-单栏喂料量'!E10=0,"",ROUND('子表2-单栏喂水量'!D11/'子表1-单栏喂料量'!E10,1))) -> 3.3 | E11: =IF('子表2-单栏喂水量'!E11=0,"",IF('子表1-单栏喂料量'!F10=0,"",ROUND('子表2-单栏喂水量'!E11/'子表1-单栏喂料量'!F10,1))) -> 3.7 | F11: =IF('子表2-单栏喂水量'!F11=0,"",IF('子表1-单栏喂料量'!G10=0,"",ROUND('子表2-单栏喂水量'!F11/'子表1-单栏喂料量'!G10,1))) -> 3.6 | G11: =IF('子表2-单栏喂水量'!G11=0,"",IF('子表1-单栏喂料量'!H10=0,"",ROUND('子表2-单栏喂水量'!G11/'子表1-单栏喂料量'!H10,1))) -> 3.6 | H11: =IF('子表2-单栏喂水量'!H11=0,"",IF('子表1-单栏喂料量'!I10=0,"",ROUND('子表2-单栏喂水量'!H11/'子表1-单栏喂料量'!I10,1))) -> 3.7 | I11: =IF('子表2-单栏喂水量'!I11=0,"",IF('子表1-单栏喂料量'!J10=0,"",ROUND('子表2-单栏喂水量'!I11/'子表1-单栏喂料量'!J10,1))) -> 3.3 | ... AC11: =IF('子表2-单栏喂水量'!AC11=0,"",IF('子表1-单栏喂料量'!AD10=0,"",ROUND('子表2-单栏喂水量'!AC11/'子表1-单栏喂料量'!AD10,1))) -> 3.8
A12: 45904 | B12: =IF('子表2-单栏喂水量'!B12=0,"",IF('子表1-单栏喂料量'!C11=0,"",ROUND('子表2-单栏喂水量'!B12/'子表1-单栏喂料量'!C11,1))) | C12: =IF('子表2-单栏喂水量'!C12=0,"",IF('子表1-单栏喂料量'!D11=0,"",ROUND('子表2-单栏喂水量'!C12/'子表1-单栏喂料量'!D11,1))) -> 3.5 | D12: =IF('子表2-单栏喂水量'!D12=0,"",IF('子表1-单栏喂料量'!E11=0,"",ROUND('子表2-单栏喂水量'!D12/'子表1-单栏喂料量'!E11,1))) -> 3.5 | E12: =IF('子表2-单栏喂水量'!E12=0,"",IF('子表1-单栏喂料量'!F11=0,"",ROUND('子表2-单栏喂水量'!E12/'子表1-单栏喂料量'!F11,1))) -> 3.4 | F12: =IF('子表2-单栏喂水量'!F12=0,"",IF('子表1-单栏喂料量'!G11=0,"",ROUND('子表2-单栏喂水量'!F12/'子表1-单栏喂料量'!G11,1))) -> 3.5 | G12: =IF('子表2-单栏喂水量'!G12=0,"",IF('子表1-单栏喂料量'!H11=0,"",ROUND('子表2-单栏喂水量'!G12/'子表1-单栏喂料量'!H11,1))) -> 3.3 | H12: =IF('子表2-单栏喂水量'!H12=0,"",IF('子表1-单栏喂料量'!I11=0,"",ROUND('子表2-单栏喂水量'!H12/'子表1-单栏喂料量'!I11,1))) -> 3.2 | I12: =IF('子表2-单栏喂水量'!I12=0,"",IF('子表1-单栏喂料量'!J11=0,"",ROUND('子表2-单栏喂水量'!I12/'子表1-单栏喂料量'!J11,1))) -> 3.2 | ... AC12: =IF('子表2-单栏喂水量'!AC12=0,"",IF('子表1-单栏喂料量'!AD11=0,"",ROUND('子表2-单栏喂水量'!AC12/'子表1-单栏喂料量'!AD11,1))) -> 3.6
A13: 45905 | B13: =IF('子表2-单栏喂水量'!B13=0,"",IF('子表1-单栏喂料量'!C12=0,"",ROUND('子表2-单栏喂水量'!B13/'子表1-单栏喂料量'!C12,1))) | C13: =IF('子表2-单栏喂水量'!C13=0,"",IF('子表1-单栏喂料量'!D12=0,"",ROUND('子表2-单栏喂水量'!C13/'子表1-单栏喂料量'!D12,1))) -> 3.5 | D13: =IF('子表2-单栏喂水量'!D13=0,"",IF('子表1-单栏喂料量'!E12=0,"",ROUND('子表2-单栏喂水量'!D13/'子表1-单栏喂料量'!E12,1))) -> 3.5 | E13: =IF('子表2-单栏喂水量'!E13=0,"",IF('子表1-单栏喂料量'!F12=0,"",ROUND('子表2-单栏喂水量'!E13/'子表1-单栏喂料量'!F12,1))) -> 3.3 | F13: =IF('子表2-单栏喂水量'!F13=0,"",IF('子表1-单栏喂料量'!G12=0,"",ROUND('子表2-单栏喂水量'!F13/'子表1-单栏喂料量'!G12,1))) -> 3.6 | G13: =IF('子表2-单栏喂水量'!G13=0,"",IF('子表1-单栏喂料量'!H12=0,"",ROUND('子表2-单栏喂水量'!G13/'子表1-单栏喂料量'!H12,1))) -> 3.3 | H13: =IF('子表2-单栏喂水量'!H13=0,"",IF('子表1-单栏喂料量'!I12=0,"",ROUND('子表2-单栏喂水量'!H13/'子表1-单栏喂料量'!I12,1))) -> 3.3 | I13: =IF('子表2-单栏喂水量'!I13=0,"",IF('子表1-单栏喂料量'!J12=0,"",ROUND('子表2-单栏喂水量'!I13/'子表1-单栏喂料量'!J12,1))) -> 3.5 | ... AC13: =IF('子表2-单栏喂水量'!AC13=0,"",IF('子表1-单栏喂料量'!AD12=0,"",ROUND('子表2-单栏喂水量'!AC13/'子表1-单栏喂料量'!AD12,1))) -> 3.4
A14: 45906 | B14: =IF('子表2-单栏喂水量'!B14=0,"",IF('子表1-单栏喂料量'!C13=0,"",ROUND('子表2-单栏喂水量'!B14/'子表1-单栏喂料量'!C13,1))) | C14: =IF('子表2-单栏喂水量'!C14=0,"",IF('子表1-单栏喂料量'!D13=0,"",ROUND('子表2-单栏喂水量'!C14/'子表1-单栏喂料量'!D13,1))) -> 3.3 | D14: =IF('子表2-单栏喂水量'!D14=0,"",IF('子表1-单栏喂料量'!E13=0,"",ROUND('子表2-单栏喂水量'!D14/'子表1-单栏喂料量'!E13,1))) -> 3.3 | E14: =IF('子表2-单栏喂水量'!E14=0,"",IF('子表1-单栏喂料量'!F13=0,"",ROUND('子表2-单栏喂水量'!E14/'子表1-单栏喂料量'!F13,1))) -> 3.2 | F14: =IF('子表2-单栏喂水量'!F14=0,"",IF('子表1-单栏喂料量'!G13=0,"",ROUND('子表2-单栏喂水量'!F14/'子表1-单栏喂料量'!G13,1))) -> 3.3 | G14: =IF('子表2-单栏喂水量'!G14=0,"",IF('子表1-单栏喂料量'!H13=0,"",ROUND('子表2-单栏喂水量'!G14/'子表1-单栏喂料量'!H13,1))) -> 3.4 | H14: =IF('子表2-单栏喂水量'!H14=0,"",IF('子表1-单栏喂料量'!I13=0,"",ROUND('子表2-单栏喂水量'!H14/'子表1-单栏喂料量'!I13,1))) -> 3.2 | I14: =IF('子表2-单栏喂水量'!I14=0,"",IF('子表1-单栏喂料量'!J13=0,"",ROUND('子表2-单栏喂水量'!I14/'子表1-单栏喂料量'!J13,1))) -> 3.3 | ... AC14: =IF('子表2-单栏喂水量'!AC14=0,"",IF('子表1-单栏喂料量'!AD13=0,"",ROUND('子表2-单栏喂水量'!AC14/'子表1-单栏喂料量'!AD13,1))) -> 3.4
... A48: 45940 | B48: =IF('子表2-单栏喂水量'!B48=0,"",IF('子表1-单栏喂料量'!C47=0,"",ROUND('子表2-单栏喂水量'!B48/'子表1-单栏喂料量'!C47,1))) -> 3 | C48: =IF('子表2-单栏喂水量'!C48=0,"",IF('子表1-单栏喂料量'!D47=0,"",ROUND('子表2-单栏喂水量'!C48/'子表1-单栏喂料量'!D47,1))) -> 3 | D48: =IF('子表2-单栏喂水量'!D48=0,"",IF('子表1-单栏喂料量'!E47=0,"",ROUND('子表2-单栏喂水量'!D48/'子表1-单栏喂料量'!E47,1))) -> 3.1 | E48: =IF('子表2-单栏喂水量'!E48=0,"",IF('子表1-单栏喂料量'!F47=0,"",ROUND('子表2-单栏喂水量'!E48/'子表1-单栏喂料量'!F47,1))) -> 3 | F48: =IF('子表2-单栏喂水量'!F48=0,"",IF('子表1-单栏喂料量'!G47=0,"",ROUND('子表2-单栏喂水量'!F48/'子表1-单栏喂料量'!G47,1))) -> 3 | G48: =IF('子表2-单栏喂水量'!G48=0,"",IF('子表1-单栏喂料量'!H47=0,"",ROUND('子表2-单栏喂水量'!G48/'子表1-单栏喂料量'!H47,1))) -> 3.1 | H48: =IF('子表2-单栏喂水量'!H48=0,"",IF('子表1-单栏喂料量'!I47=0,"",ROUND('子表2-单栏喂水量'!H48/'子表1-单栏喂料量'!I47,1))) | I48: =IF('子表2-单栏喂水量'!I48=0,"",IF('子表1-单栏喂料量'!J47=0,"",ROUND('子表2-单栏喂水量'!I48/'子表1-单栏喂料量'!J47,1))) -> 3.1 | ... AC48: =IF('子表2-单栏喂水量'!AC48=0,"",IF('子表1-单栏喂料量'!AD47=0,"",ROUND('子表2-单栏喂水量'!AC48/'子表1-单栏喂料量'!AD47,1))) -> 3
A49: 45943 | B49: =IF('子表2-单栏喂水量'!B49=0,"",IF('子表1-单栏喂料量'!C50=0,"",ROUND('子表2-单栏喂水量'!B49/'子表1-单栏喂料量'!C50,1))) -> 3 | C49: =IF('子表2-单栏喂水量'!C49=0,"",IF('子表1-单栏喂料量'!D50=0,"",ROUND('子表2-单栏喂水量'!C49/'子表1-单栏喂料量'!D50,1))) -> 3 | D49: =IF('子表2-单栏喂水量'!D49=0,"",IF('子表1-单栏喂料量'!E50=0,"",ROUND('子表2-单栏喂水量'!D49/'子表1-单栏喂料量'!E50,1))) -> 3 | E49: =IF('子表2-单栏喂水量'!E49=0,"",IF('子表1-单栏喂料量'!F50=0,"",ROUND('子表2-单栏喂水量'!E49/'子表1-单栏喂料量'!F50,1))) -> 3.1 | F49: =IF('子表2-单栏喂水量'!F49=0,"",IF('子表1-单栏喂料量'!G50=0,"",ROUND('子表2-单栏喂水量'!F49/'子表1-单栏喂料量'!G50,1))) -> 3.1 | G49: =IF('子表2-单栏喂水量'!G49=0,"",IF('子表1-单栏喂料量'!H50=0,"",ROUND('子表2-单栏喂水量'!G49/'子表1-单栏喂料量'!H50,1))) -> 3.1 | H49: =IF('子表2-单栏喂水量'!H49=0,"",IF('子表1-单栏喂料量'!I50=0,"",ROUND('子表2-单栏喂水量'!H49/'子表1-单栏喂料量'!I50,1))) | I49: =IF('子表2-单栏喂水量'!I49=0,"",IF('子表1-单栏喂料量'!J50=0,"",ROUND('子表2-单栏喂水量'!I49/'子表1-单栏喂料量'!J50,1))) -> 3.1 | ... AC49: =IF('子表2-单栏喂水量'!AC49=0,"",IF('子表1-单栏喂料量'!AD50=0,"",ROUND('子表2-单栏喂水量'!AC49/'子表1-单栏喂料量'!AD50,1))) -> 3.1
A50: 45944 | B50: =IF('子表2-单栏喂水量'!B50=0,"",IF('子表1-单栏喂料量'!C51=0,"",ROUND('子表2-单栏喂水量'!B50/'子表1-单栏喂料量'!C51,1))) -> 3 | C50: =IF('子表2-单栏喂水量'!C50=0,"",IF('子表1-单栏喂料量'!D51=0,"",ROUND('子表2-单栏喂水量'!C50/'子表1-单栏喂料量'!D51,1))) -> 3 | D50: =IF('子表2-单栏喂水量'!D50=0,"",IF('子表1-单栏喂料量'!E51=0,"",ROUND('子表2-单栏喂水量'!D50/'子表1-单栏喂料量'!E51,1))) -> 3.1 | E50: =IF('子表2-单栏喂水量'!E50=0,"",IF('子表1-单栏喂料量'!F51=0,"",ROUND('子表2-单栏喂水量'!E50/'子表1-单栏喂料量'!F51,1))) -> 3.1 | F50: =IF('子表2-单栏喂水量'!F50=0,"",IF('子表1-单栏喂料量'!G51=0,"",ROUND('子表2-单栏喂水量'!F50/'子表1-单栏喂料量'!G51,1))) -> 3 | G50: =IF('子表2-单栏喂水量'!G50=0,"",IF('子表1-单栏喂料量'!H51=0,"",ROUND('子表2-单栏喂水量'!G50/'子表1-单栏喂料量'!H51,1))) -> 3.1 | H50: =IF('子表2-单栏喂水量'!H50=0,"",IF('子表1-单栏喂料量'!I51=0,"",ROUND('子表2-单栏喂水量'!H50/'子表1-单栏喂料量'!I51,1))) | I50: =IF('子表2-单栏喂水量'!I50=0,"",IF('子表1-单栏喂料量'!J51=0,"",ROUND('子表2-单栏喂水量'!I50/'子表1-单栏喂料量'!J51,1))) -> 3.1 | ... AC50: =IF('子表2-单栏喂水量'!AC50=0,"",IF('子表1-单栏喂料量'!AD51=0,"",ROUND('子表2-单栏喂水量'!AC50/'子表1-单栏喂料量'!AD51,1))) -> 3.1
A51: 45945 | B51: =IF('子表2-单栏喂水量'!B51=0,"",IF('子表1-单栏喂料量'!C52=0,"",ROUND('子表2-单栏喂水量'!B51/'子表1-单栏喂料量'!C52,1))) -> 3 | C51: =IF('子表2-单栏喂水量'!C51=0,"",IF('子表1-单栏喂料量'!D52=0,"",ROUND('子表2-单栏喂水量'!C51/'子表1-单栏喂料量'!D52,1))) -> 3 | D51: =IF('子表2-单栏喂水量'!D51=0,"",IF('子表1-单栏喂料量'!E52=0,"",ROUND('子表2-单栏喂水量'!D51/'子表1-单栏喂料量'!E52,1))) -> 3 | E51: =IF('子表2-单栏喂水量'!E51=0,"",IF('子表1-单栏喂料量'!F52=0,"",ROUND('子表2-单栏喂水量'!E51/'子表1-单栏喂料量'!F52,1))) -> 3.1 | F51: =IF('子表2-单栏喂水量'!F51=0,"",IF('子表1-单栏喂料量'!G52=0,"",ROUND('子表2-单栏喂水量'!F51/'子表1-单栏喂料量'!G52,1))) -> 3 | G51: =IF('子表2-单栏喂水量'!G51=0,"",IF('子表1-单栏喂料量'!H52=0,"",ROUND('子表2-单栏喂水量'!G51/'子表1-单栏喂料量'!H52,1))) -> 3.1 | H51: =IF('子表2-单栏喂水量'!H51=0,"",IF('子表1-单栏喂料量'!I52=0,"",ROUND('子表2-单栏喂水量'!H51/'子表1-单栏喂料量'!I52,1))) | I51: =IF('子表2-单栏喂水量'!I51=0,"",IF('子表1-单栏喂料量'!J52=0,"",ROUND('子表2-单栏喂水量'!I51/'子表1-单栏喂料量'!J52,1))) -> 3.1 | ... AC51: =IF('子表2-单栏喂水量'!AC51=0,"",IF('子表1-单栏喂料量'!AD52=0,"",ROUND('子表2-单栏喂水量'!AC51/'子表1-单栏喂料量'!AD52,1))) -> 3
A52: 45946 | B52: =IF('子表2-单栏喂水量'!B52=0,"",IF('子表1-单栏喂料量'!C53=0,"",ROUND('子表2-单栏喂水量'!B52/'子表1-单栏喂料量'!C53,1))) -> 3.1 | C52: =IF('子表2-单栏喂水量'!C52=0,"",IF('子表1-单栏喂料量'!D53=0,"",ROUND('子表2-单栏喂水量'!C52/'子表1-单栏喂料量'!D53,1))) -> 3 | D52: =IF('子表2-单栏喂水量'!D52=0,"",IF('子表1-单栏喂料量'!E53=0,"",ROUND('子表2-单栏喂水量'!D52/'子表1-单栏喂料量'!E53,1))) -> 3 | E52: =IF('子表2-单栏喂水量'!E52=0,"",IF('子表1-单栏喂料量'!F53=0,"",ROUND('子表2-单栏喂水量'!E52/'子表1-单栏喂料量'!F53,1))) -> 3.1 | F52: =IF('子表2-单栏喂水量'!F52=0,"",IF('子表1-单栏喂料量'!G53=0,"",ROUND('子表2-单栏喂水量'!F52/'子表1-单栏喂料量'!G53,1))) -> 3 | G52: =IF('子表2-单栏喂水量'!G52=0,"",IF('子表1-单栏喂料量'!H53=0,"",ROUND('子表2-单栏喂水量'!G52/'子表1-单栏喂料量'!H53,1))) -> 3.1 | H52: =IF('子表2-单栏喂水量'!H52=0,"",IF('子表1-单栏喂料量'!I53=0,"",ROUND('子表2-单栏喂水量'!H52/'子表1-单栏喂料量'!I53,1))) | I52: =IF('子表2-单栏喂水量'!I52=0,"",IF('子表1-单栏喂料量'!J53=0,"",ROUND('子表2-单栏喂水量'!I52/'子表1-单栏喂料量'!J53,1))) -> 3.1 | ... AC52: =IF('子表2-单栏喂水量'!AC52=0,"",IF('子表1-单栏喂料量'!AD53=0,"",ROUND('子表2-单栏喂水量'!AC52/'子表1-单栏喂料量'!AD53,1))) -> 3
A53: 45947 | B53: =IF('子表2-单栏喂水量'!B53=0,"",IF('子表1-单栏喂料量'!C54=0,"",ROUND('子表2-单栏喂水量'!B53/'子表1-单栏喂料量'!C54,1))) -> 3 | C53: =IF('子表2-单栏喂水量'!C53=0,"",IF('子表1-单栏喂料量'!D54=0,"",ROUND('子表2-单栏喂水量'!C53/'子表1-单栏喂料量'!D54,1))) -> 3 | D53: =IF('子表2-单栏喂水量'!D53=0,"",IF('子表1-单栏喂料量'!E54=0,"",ROUND('子表2-单栏喂水量'!D53/'子表1-单栏喂料量'!E54,1))) -> 3.1 | E53: =IF('子表2-单栏喂水量'!E53=0,"",IF('子表1-单栏喂料量'!F54=0,"",ROUND('子表2-单栏喂水量'!E53/'子表1-单栏喂料量'!F54,1))) -> 3.2 | F53: =IF('子表2-单栏喂水量'!F53=0,"",IF('子表1-单栏喂料量'!G54=0,"",ROUND('子表2-单栏喂水量'!F53/'子表1-单栏喂料量'!G54,1))) -> 3.1 | G53: =IF('子表2-单栏喂水量'!G53=0,"",IF('子表1-单栏喂料量'!H54=0,"",ROUND('子表2-单栏喂水量'!G53/'子表1-单栏喂料量'!H54,1))) -> 3.1 | H53: =IF('子表2-单栏喂水量'!H53=0,"",IF('子表1-单栏喂料量'!I54=0,"",ROUND('子表2-单栏喂水量'!H53/'子表1-单栏喂料量'!I54,1))) | I53: =IF('子表2-单栏喂水量'!I53=0,"",IF('子表1-单栏喂料量'!J54=0,"",ROUND('子表2-单栏喂水量'!I53/'子表1-单栏喂料量'!J54,1))) -> 3.1 | ... AC53: =IF('子表2-单栏喂水量'!AC53=0,"",IF('子表1-单栏喂料量'!AD54=0,"",ROUND('子表2-单栏喂水量'!AC53/'子表1-单栏喂料量'!AD54,1))) -> 3
A54: 45948 | B54: =IF('子表2-单栏喂水量'!B54=0,"",IF('子表1-单栏喂料量'!C55=0,"",ROUND('子表2-单栏喂水量'!B54/'子表1-单栏喂料量'!C55,1))) -> 3.1 | C54: =IF('子表2-单栏喂水量'!C54=0,"",IF('子表1-单栏喂料量'!D55=0,"",ROUND('子表2-单栏喂水量'!C54/'子表1-单栏喂料量'!D55,1))) -> 3 | D54: =IF('子表2-单栏喂水量'!D54=0,"",IF('子表1-单栏喂料量'!E55=0,"",ROUND('子表2-单栏喂水量'!D54/'子表1-单栏喂料量'!E55,1))) -> 3.1 | E54: =IF('子表2-单栏喂水量'!E54=0,"",IF('子表1-单栏喂料量'!F55=0,"",ROUND('子表2-单栏喂水量'!E54/'子表1-单栏喂料量'!F55,1))) -> 3.2 | F54: =IF('子表2-单栏喂水量'!F54=0,"",IF('子表1-单栏喂料量'!G55=0,"",ROUND('子表2-单栏喂水量'!F54/'子表1-单栏喂料量'!G55,1))) -> 3.1 | G54: =IF('子表2-单栏喂水量'!G54=0,"",IF('子表1-单栏喂料量'!H55=0,"",ROUND('子表2-单栏喂水量'!G54/'子表1-单栏喂料量'!H55,1))) -> 3.1 | H54: =IF('子表2-单栏喂水量'!H54=0,"",IF('子表1-单栏喂料量'!I55=0,"",ROUND('子表2-单栏喂水量'!H54/'子表1-单栏喂料量'!I55,1))) -> 2.9 | I54: =IF('子表2-单栏喂水量'!I54=0,"",IF('子表1-单栏喂料量'!J55=0,"",ROUND('子表2-单栏喂水量'!I54/'子表1-单栏喂料量'!J55,1))) -> 3.1 | ... AC54: =IF('子表2-单栏喂水量'!AC54=0,"",IF('子表1-单栏喂料量'!AD55=0,"",ROUND('子表2-单栏喂水量'!AC54/'子表1-单栏喂料量'!AD55,1))) -> 3
A55: 45949 | B55: =IF('子表2-单栏喂水量'!B55=0,"",IF('子表1-单栏喂料量'!C56=0,"",ROUND('子表2-单栏喂水量'!B55/'子表1-单栏喂料量'!C56,1))) -> 3 | C55: =IF('子表2-单栏喂水量'!C55=0,"",IF('子表1-单栏喂料量'!D56=0,"",ROUND('子表2-单栏喂水量'!C55/'子表1-单栏喂料量'!D56,1))) -> 3 | D55: =IF('子表2-单栏喂水量'!D55=0,"",IF('子表1-单栏喂料量'!E56=0,"",ROUND('子表2-单栏喂水量'!D55/'子表1-单栏喂料量'!E56,1))) -> 3 | E55: =IF('子表2-单栏喂水量'!E55=0,"",IF('子表1-单栏喂料量'!F56=0,"",ROUND('子表2-单栏喂水量'!E55/'子表1-单栏喂料量'!F56,1))) -> 3.1 | F55: =IF('子表2-单栏喂水量'!F55=0,"",IF('子表1-单栏喂料量'!G56=0,"",ROUND('子表2-单栏喂水量'!F55/'子表1-单栏喂料量'!G56,1))) -> 3.1 | G55: =IF('子表2-单栏喂水量'!G55=0,"",IF('子表1-单栏喂料量'!H56=0,"",ROUND('子表2-单栏喂水量'!G55/'子表1-单栏喂料量'!H56,1))) -> 3.1 | H55: =IF('子表2-单栏喂水量'!H55=0,"",IF('子表1-单栏喂料量'!I56=0,"",ROUND('子表2-单栏喂水量'!H55/'子表1-单栏喂料量'!I56,1))) -> 3.1 | I55: =IF('子表2-单栏喂水量'!I55=0,"",IF('子表1-单栏喂料量'!J56=0,"",ROUND('子表2-单栏喂水量'!I55/'子表1-单栏喂料量'!J56,1))) -> 3.1 | ... AC55: =IF('子表2-单栏喂水量'!AC55=0,"",IF('子表1-单栏喂料量'!AD56=0,"",ROUND('子表2-单栏喂水量'!AC55/'子表1-单栏喂料量'!AD56,1))) -> 3.1
A56: 45950 | B56: =IF('子表2-单栏喂水量'!B56=0,"",IF('子表1-单栏喂料量'!C57=0,"",ROUND('子表2-单栏喂水量'!B56/'子表1-单栏喂料量'!C57,1))) -> 3.1 | C56: =IF('子表2-单栏喂水量'!C56=0,"",IF('子表1-单栏喂料量'!D57=0,"",ROUND('子表2-单栏喂水量'!C56/'子表1-单栏喂料量'!D57,1))) -> 3 | D56: =IF('子表2-单栏喂水量'!D56=0,"",IF('子表1-单栏喂料量'!E57=0,"",ROUND('子表2-单栏喂水量'!D56/'子表1-单栏喂料量'!E57,1))) -> 3.1 | E56: =IF('子表2-单栏喂水量'!E56=0,"",IF('子表1-单栏喂料量'!F57=0,"",ROUND('子表2-单栏喂水量'!E56/'子表1-单栏喂料量'!F57,1))) -> 3.1 | F56: =IF('子表2-单栏喂水量'!F56=0,"",IF('子表1-单栏喂料量'!G57=0,"",ROUND('子表2-单栏喂水量'!F56/'子表1-单栏喂料量'!G57,1))) -> 3.1 | G56: =IF('子表2-单栏喂水量'!G56=0,"",IF('子表1-单栏喂料量'!H57=0,"",ROUND('子表2-单栏喂水量'!G56/'子表1-单栏喂料量'!H57,1))) -> 3.1 | H56: =IF('子表2-单栏喂水量'!H56=0,"",IF('子表1-单栏喂料量'!I57=0,"",ROUND('子表2-单栏喂水量'!H56/'子表1-单栏喂料量'!I57,1))) -> 2.7 | I56: =IF('子表2-单栏喂水量'!I56=0,"",IF('子表1-单栏喂料量'!J57=0,"",ROUND('子表2-单栏喂水量'!I56/'子表1-单栏喂料量'!J57,1))) -> 3 | ... AC56: =IF('子表2-单栏喂水量'!AC56=0,"",IF('子表1-单栏喂料量'!AD57=0,"",ROUND('子表2-单栏喂水量'!AC56/'子表1-单栏喂料量'!AD57,1))) -> 2.9
A57: 45951 | B57: =IF('子表2-单栏喂水量'!B57=0,"",IF('子表1-单栏喂料量'!C58=0,"",ROUND('子表2-单栏喂水量'!B57/'子表1-单栏喂料量'!C58,1))) -> 3 | C57: =IF('子表2-单栏喂水量'!C57=0,"",IF('子表1-单栏喂料量'!D58=0,"",ROUND('子表2-单栏喂水量'!C57/'子表1-单栏喂料量'!D58,1))) -> 3.1 | D57: =IF('子表2-单栏喂水量'!D57=0,"",IF('子表1-单栏喂料量'!E58=0,"",ROUND('子表2-单栏喂水量'!D57/'子表1-单栏喂料量'!E58,1))) -> 3.1 | E57: =IF('子表2-单栏喂水量'!E57=0,"",IF('子表1-单栏喂料量'!F58=0,"",ROUND('子表2-单栏喂水量'!E57/'子表1-单栏喂料量'!F58,1))) -> 3.1 | F57: =IF('子表2-单栏喂水量'!F57=0,"",IF('子表1-单栏喂料量'!G58=0,"",ROUND('子表2-单栏喂水量'!F57/'子表1-单栏喂料量'!G58,1))) -> 3 | G57: =IF('子表2-单栏喂水量'!G57=0,"",IF('子表1-单栏喂料量'!H58=0,"",ROUND('子表2-单栏喂水量'!G57/'子表1-单栏喂料量'!H58,1))) -> 3.1 | H57: =IF('子表2-单栏喂水量'!H57=0,"",IF('子表1-单栏喂料量'!I58=0,"",ROUND('子表2-单栏喂水量'!H57/'子表1-单栏喂料量'!I58,1))) -> 2.7 | I57: =IF('子表2-单栏喂水量'!I57=0,"",IF('子表1-单栏喂料量'!J58=0,"",ROUND('子表2-单栏喂水量'!I57/'子表1-单栏喂料量'!J58,1))) -> 3.1 | ... AC57: =IF('子表2-单栏喂水量'!AC57=0,"",IF('子表1-单栏喂料量'!AD58=0,"",ROUND('子表2-单栏喂水量'!AC57/'子表1-单栏喂料量'!AD58,1))) -> 3.1
A58: 45952 | B58: =IF('子表2-单栏喂水量'!B58=0,"",IF('子表1-单栏喂料量'!C59=0,"",ROUND('子表2-单栏喂水量'!B58/'子表1-单栏喂料量'!C59,1))) -> 3.1 | C58: =IF('子表2-单栏喂水量'!C58=0,"",IF('子表1-单栏喂料量'!D59=0,"",ROUND('子表2-单栏喂水量'!C58/'子表1-单栏喂料量'!D59,1))) -> 3 | D58: =IF('子表2-单栏喂水量'!D58=0,"",IF('子表1-单栏喂料量'!E59=0,"",ROUND('子表2-单栏喂水量'!D58/'子表1-单栏喂料量'!E59,1))) -> 3 | E58: =IF('子表2-单栏喂水量'!E58=0,"",IF('子表1-单栏喂料量'!F59=0,"",ROUND('子表2-单栏喂水量'!E58/'子表1-单栏喂料量'!F59,1))) -> 3.1 | F58: =IF('子表2-单栏喂水量'!F58=0,"",IF('子表1-单栏喂料量'!G59=0,"",ROUND('子表2-单栏喂水量'!F58/'子表1-单栏喂料量'!G59,1))) -> 3 | G58: =IF('子表2-单栏喂水量'!G58=0,"",IF('子表1-单栏喂料量'!H59=0,"",ROUND('子表2-单栏喂水量'!G58/'子表1-单栏喂料量'!H59,1))) -> 3.1 | H58: =IF('子表2-单栏喂水量'!H58=0,"",IF('子表1-单栏喂料量'!I59=0,"",ROUND('子表2-单栏喂水量'!H58/'子表1-单栏喂料量'!I59,1))) -> 3.1 | I58: =IF('子表2-单栏喂水量'!I58=0,"",IF('子表1-单栏喂料量'!J59=0,"",ROUND('子表2-单栏喂水量'!I58/'子表1-单栏喂料量'!J59,1))) -> 3.1 | ... AC58: =IF('子表2-单栏喂水量'!AC58=0,"",IF('子表1-单栏喂料量'!AD59=0,"",ROUND('子表2-单栏喂水量'!AC58/'子表1-单栏喂料量'!AD59,1))) -> 3.1
A59: 45953 | B59: =IF('子表2-单栏喂水量'!B59=0,"",IF('子表1-单栏喂料量'!C60=0,"",ROUND('子表2-单栏喂水量'!B59/'子表1-单栏喂料量'!C60,1))) -> 3 | C59: =IF('子表2-单栏喂水量'!C59=0,"",IF('子表1-单栏喂料量'!D60=0,"",ROUND('子表2-单栏喂水量'!C59/'子表1-单栏喂料量'!D60,1))) -> 3.1 | D59: =IF('子表2-单栏喂水量'!D59=0,"",IF('子表1-单栏喂料量'!E60=0,"",ROUND('子表2-单栏喂水量'!D59/'子表1-单栏喂料量'!E60,1))) -> 3.1 | E59: =IF('子表2-单栏喂水量'!E59=0,"",IF('子表1-单栏喂料量'!F60=0,"",ROUND('子表2-单栏喂水量'!E59/'子表1-单栏喂料量'!F60,1))) -> 3.1 | F59: =IF('子表2-单栏喂水量'!F59=0,"",IF('子表1-单栏喂料量'!G60=0,"",ROUND('子表2-单栏喂水量'!F59/'子表1-单栏喂料量'!G60,1))) -> 3 | G59: =IF('子表2-单栏喂水量'!G59=0,"",IF('子表1-单栏喂料量'!H60=0,"",ROUND('子表2-单栏喂水量'!G59/'子表1-单栏喂料量'!H60,1))) -> 3.1 | H59: =IF('子表2-单栏喂水量'!H59=0,"",IF('子表1-单栏喂料量'!I60=0,"",ROUND('子表2-单栏喂水量'!H59/'子表1-单栏喂料量'!I60,1))) -> 3.1 | I59: =IF('子表2-单栏喂水量'!I59=0,"",IF('子表1-单栏喂料量'!J60=0,"",ROUND('子表2-单栏喂水量'!I59/'子表1-单栏喂料量'!J60,1))) -> 3 | ... AC59: =IF('子表2-单栏喂水量'!AC59=0,"",IF('子表1-单栏喂料量'!AD60=0,"",ROUND('子表2-单栏喂水量'!AC59/'子表1-单栏喂料量'!AD60,1))) -> 3
A60: 45954 | B60: =IF('子表2-单栏喂水量'!B60=0,"",IF('子表1-单栏喂料量'!C61=0,"",ROUND('子表2-单栏喂水量'!B60/'子表1-单栏喂料量'!C61,1))) -> 3 | C60: =IF('子表2-单栏喂水量'!C60=0,"",IF('子表1-单栏喂料量'!D61=0,"",ROUND('子表2-单栏喂水量'!C60/'子表1-单栏喂料量'!D61,1))) -> 3 | D60: =IF('子表2-单栏喂水量'!D60=0,"",IF('子表1-单栏喂料量'!E61=0,"",ROUND('子表2-单栏喂水量'!D60/'子表1-单栏喂料量'!E61,1))) -> 3.1 | E60: =IF('子表2-单栏喂水量'!E60=0,"",IF('子表1-单栏喂料量'!F61=0,"",ROUND('子表2-单栏喂水量'!E60/'子表1-单栏喂料量'!F61,1))) -> 3.1 | F60: =IF('子表2-单栏喂水量'!F60=0,"",IF('子表1-单栏喂料量'!G61=0,"",ROUND('子表2-单栏喂水量'!F60/'子表1-单栏喂料量'!G61,1))) -> 3 | G60: =IF('子表2-单栏喂水量'!G60=0,"",IF('子表1-单栏喂料量'!H61=0,"",ROUND('子表2-单栏喂水量'!G60/'子表1-单栏喂料量'!H61,1))) -> 3.1 | H60: =IF('子表2-单栏喂水量'!H60=0,"",IF('子表1-单栏喂料量'!I61=0,"",ROUND('子表2-单栏喂水量'!H60/'子表1-单栏喂料量'!I61,1))) -> 3.1 | I60: =IF('子表2-单栏喂水量'!I60=0,"",IF('子表1-单栏喂料量'!J61=0,"",ROUND('子表2-单栏喂水量'!I60/'子表1-单栏喂料量'!J61,1))) -> 3.1 | ... AC60: =IF('子表2-单栏喂水量'!AC60=0,"",IF('子表1-单栏喂料量'!AD61=0,"",ROUND('子表2-单栏喂水量'!AC60/'子表1-单栏喂料量'!AD61,1))) -> 3.3
... A112: 46006 | B112: =IF('子表2-单栏喂水量'!B112=0,"",IF('子表1-单栏喂料量'!C113=0,"",ROUND('子表2-单栏喂水量'!B112/'子表1-单栏喂料量'!C113,1))) -> 3 | C112: =IF('子表2-单栏喂水量'!C112=0,"",IF('子表1-单栏喂料量'!D113=0,"",ROUND('子表2-单栏喂水量'!C112/'子表1-单栏喂料量'!D113,1))) -> 3 | D112: =IF('子表2-单栏喂水量'!D112=0,"",IF('子表1-单栏喂料量'!E113=0,"",ROUND('子表2-单栏喂水量'!D112/'子表1-单栏喂料量'!E113,1))) -> 3 | E112: =IF('子表2-单栏喂水量'!E112=0,"",IF('子表1-单栏喂料量'!F113=0,"",ROUND('子表2-单栏喂水量'!E112/'子表1-单栏喂料量'!F113,1))) -> 3 | F112: =IF('子表2-单栏喂水量'!F112=0,"",IF('子表1-单栏喂料量'!G113=0,"",ROUND('子表2-单栏喂水量'!F112/'子表1-单栏喂料量'!G113,1))) -> 3 | G112: =IF('子表2-单栏喂水量'!G112=0,"",IF('子表1-单栏喂料量'!H113=0,"",ROUND('子表2-单栏喂水量'!G112/'子表1-单栏喂料量'!H113,1))) -> 3 | H112: =IF('子表2-单栏喂水量'!H112=0,"",IF('子表1-单栏喂料量'!I113=0,"",ROUND('子表2-单栏喂水量'!H112/'子表1-单栏喂料量'!I113,1))) -> 3.1 | I112: =IF('子表2-单栏喂水量'!I112=0,"",IF('子表1-单栏喂料量'!J113=0,"",ROUND('子表2-单栏喂水量'!I112/'子表1-单栏喂料量'!J113,1))) -> 3 | ... AC112: =IF('子表2-单栏喂水量'!AC112=0,"",IF('子表1-单栏喂料量'!AD113=0,"",ROUND('子表2-单栏喂水量'!AC112/'子表1-单栏喂料量'!AD113,1))) -> 3
